comment_id,create_time,ip_location,note_id,content,user_id,nickname,avatar,sub_comment_count,last_modify_ts,liked_count
655da6450000000032038380,1700636229000,å››å·,6551ca5000000000320041ae,å…³äºè¿™ä¸ªé—®é¢˜ä¸å¾—ä¸ç‚¹åè¡¨æ‰¬ä¸€ä¸‹é‚å®ï¼é‚å®çš„åšæ³•å ªç§°æ•™ç§‘ä¹¦ï¼,6003c4a30000000001006bd7,Katherine Zhou,https://sns-avatar-qc.xhscdn.com/avatar/cd255d0e201935e0d852bd371f18c198.jpg?imageView2/2/w/120/format/jpg,2,1703311318641,0
6551ca71000000001d000b59,1699859057000,æ¹–åŒ—,6551ca5000000000320041ae,æ¯æ—¥æ›´æ–°ï¼Œå„ä½å±€é•¿å¸¦ä½ ä»¬ä¸€èµ·ä¸Šå²¸[é£å»R][é£å»R],63c124930000000026010630,å…¬è€ƒæƒ…æŠ¥ç«™ğŸ”,https://sns-avatar-qc.xhscdn.com/avatar/1040g2jo30q645qbr7g005ou14i9pi1hgvaklqqo?imageView2/2/w/120/format/jpg,0,1703311318644,0
65322f7a000000002003e95a,1697787770000,æ±Ÿè¥¿,65321d0d0000000023038a2c,æ‰“å¡ï¼,61f108890000000010009797,è·¯äººç”²,https://sns-avatar-qc.xhscdn.com/avatar/1040g2jo30rs0c2qh2k005ofh124k15sntm52rko?imageView2/2/w/120/format/jpg,0,1703311318677,0
6565e7cb000000001601e216,1701177291000,å››å·,6543b69d000000001d014217,å››å·æ–‡ç†å­¦é™¢é¿ä¸€é¿,5f471236000000000100765b,é˜¿è¯š,https://sns-avatar-qc.xhscdn.com/avatar/644faa743efe33e0b0da4b0d.jpg?imageView2/2/w/120/format/jpg,0,1703311318751,0
655abebc0000000020017504,1700445884000,é‡åº†,6543b69d000000001d014217,é‡åº†å·¥ç¨‹å­¦é™¢é¿ä¸€é¿[å¾®ç¬‘R],5e809de500000000010096ff,Gingin,https://sns-avatar-qc.xhscdn.com/avatar/62d64fc98c2af3ce8d90d30d.jpg?imageView2/2/w/120/format/jpg,0,1703311318754,0
65350fa90000000025017277,1697976234000,æ²³å—,652fe2cb000000001e02df25,ç¥ä¼¼æŸä½æ˜æ˜Ÿ[ç¬‘å“­R],64df83a000000000010137ad,Stars,https://sns-avatar-qc.xhscdn.com/avatar/1040g2jo30ol2v4bdi46g5p6vgeg0adtduj8hccg?imageView2/2/w/120/format/jpg,0,1703311318829,2
6573d5e00000000014015792,1702090208000,å¹¿ä¸œ,652fe2cb000000001e02df25,è¿˜æœ‰é‚£ä¸ªä»€ä¹ˆæ¾,6117298c00000000200292fd,å°å›°ç¥.,https://sns-avatar-qc.xhscdn.com/avatar/1040g2jo30so4us6j46605o8n566854ntvudn6s0?imageView2/2/w/120/format/jpg,0,1703311318833,0
65375805000000001c03c9fc,1698125829000,,652fe2cb000000001e02df25,åæ¡ç‹—ï¼Œæœ‰ä¸ƒæ¡æˆ‘è§è¿‡ï¼Œæœ‰å››æ¡æˆ‘æ‘¸è¿‡ã€‚[ç¬‘å“­R],62a82181000000001b026278,Huskyä¼Š,https://sns-avatar-qc.xhscdn.com/avatar/62a82203a039dfda9b65d38c.jpg?imageView2/2/w/120/format/jpg,0,1703311318837,0
653473730000000025014f6b,1697936243000,é‡åº†,652fe2cb000000001e02df25,[æ°›å›´æ„ŸR][æ°›å›´æ„ŸR][æ°›å›´æ„ŸR][æ°›å›´æ„ŸR][æ°›å›´æ„ŸR][æ°›å›´æ„ŸR][èµR][é›†ç¾R][çº¢è‰²å¿ƒå½¢R][é»„è‰²å¿ƒå½¢R][ç»¿è‰²å¿ƒå½¢R][è“è‰²å¿ƒå½¢R][ç´«è‰²å¿ƒå½¢R],5c6c06c80000000012011fa1,èƒ¡å°å¨‡,https://sns-avatar-qc.xhscdn.com/avatar/5c6c06c80000000012011fa1.jpg?imageView2/2/w/120/format/jpg,0,1703311318839,0
6534b6e2000000002202f2af,1697953506000,æµ™æ±Ÿ,653399b4000000001e02067b,å¸Œæœ›ä¸å…»ç‹—çš„äººä¹Ÿè¦å¥½å¥½ç®¡å¥½ä½ ä»¬æ‰€è°“çš„å®¶äººå’Œå°å­©ã€‚å¦‚æœä½ ä»¬å·²ç»ä½ ä»¬å°å­©å°å­©ç‹—ç‹—ï¼Œå¯ä»¥è‡ªå·±å…»ä¸€åªçš„ï¼Œåˆ«äººå®¶çš„ç‹—ç‹—åƒä¸‡ä¸è¦å»æã€‚æ¯•ç«Ÿäººå®¶çš„ç‹—ç‹—æ²¡æœ‰åƒä½ ä»¬å®¶ä¸€å£æ°´å’Œä¸€ç²’ç²®é£Ÿï¼Œå‡­ä»€ä¹ˆç»™ä½ å®¶å°å­©ç©[ç”Ÿæ°”R],6194c2eb000000001000b705,æ¢¦å“¥æ°´äº§,https://sns-avatar-qc.xhscdn.com/avatar/6194c2eb000000001000b705.jpg?imageView2/2/w/120/format/jpg,1,1703311318960,0
6534b610000000002201d832,1697953296000,æµ™æ±Ÿ,653399b4000000001e02067b,å’¬äº†äººå¥¹ä»¬è¦è¯´ç‹—ä»€ä¹ˆä»€ä¹ˆçš„ï¼Œæœ‰çš„äººçœ‹åˆ°åˆ«äººçš„ç‹—å°±é¼“åŠ±å°å­©å­å»æ‘¸ç‹—ï¼Œå»æ‰“åˆ«äººå®¶çš„ç‹—ç‹—ã€‚è¿™æ ·å¼•èµ·ç‹—å’¬äººã€‚éš¾é“ä½ è¿™æ ·å…ˆå»æ‘¸æˆ–è€…æ¬ºè´Ÿç‹—ç‹—å°±æ˜¯å¯¹çš„å—ï¼Ÿ[ç”Ÿæ°”R]åˆ«äººå®¶å…»çš„ç‹—æœ¬æ¥ä½ ä¸å¥½ä¹±æ‘¸ä¹±æ‰“çš„ï¼Œå¦åˆ™ç‹—è®©ä½ æ¬ºè´Ÿäº†è‚¯å®šä¹Ÿä¸ä¼šç”˜å¿ƒçš„å‘€ï¼Ÿéš¾é“ä½ å°±ä¸èƒ½å¥½å¥½ç®¡å¥½ä½ ä»¥åŠä½ çš„å­©å­ï¼Ÿå¦‚æœåè¿‡æ¥è¦æ˜¯ç‹—ç‹—ç»™äººææ­»æˆ–è€…å‹æ­»ä½ ä»¬ä¼šèµ”é’±å’Œåç‰¢å—ï¼Ÿ[ç”Ÿæ°”R]å¤§å®¶å¥½å¥½æƒ³æƒ³å§ï¼Œåªæœ‰å¤§å®¶æŠŠè‡ªå·±å®¶é‡Œçš„ç‹—å’Œäººéƒ½ç®¡å¥½ï¼Œé‚£å°±ä»€ä¹ˆäº‹æƒ…éƒ½æ²¡æœ‰äº†ï¼[ç”Ÿæ°”R]ä¸è¦æŠŠæ‰€ä»¥çš„ä¸å¥½çš„äº‹æƒ…éƒ½åŠ åœ¨å…»ç‹—ç‹—çš„äººå’Œç‹—ç‹—èº«ä¸Šï¼Œè¿™æ˜¯ä¸å…¬å¹³çš„ï¼ä¹Ÿä¼šé­æŠ¥åº”çš„ï¼[ç”Ÿæ°”R][ç”Ÿæ°”R][ç”Ÿæ°”R][ç”Ÿæ°”R][ç”Ÿæ°”R],6194c2eb000000001000b705,æ¢¦å“¥æ°´äº§,https://sns-avatar-qc.xhscdn.com/avatar/6194c2eb000000001000b705.jpg?imageView2/2/w/120/format/jpg,0,1703311318963,0
653112c100000000200160c9,1697714881000,å¹¿ä¸œ,652e8d1f000000002202a0a3,æœ‰ç§åˆ«æ “ è¦æ “æ “ä¸äº†3å¤©ä¼°è®¡åˆéƒ½æ˜¯é‚£ä¸ªçƒæ ·å­,64bf8938000000001403e72f,å°çº¢è–¯64BFC12C,https://sns-avatar-qc.xhscdn.com/avatar/645b7f83b46568f580649586.jpg?imageView2/2/w/120/format/jpg,5,1703311319912,2
652f63ee000000001900a4a4,1697604590000,å››å·,652f5649000000001f03c515,åªèƒ½ç«‹æ³•ï¼Œä½†æ˜¯å›½å®¶è¿Ÿè¿Ÿä¸ç«‹æ³•ã€‚è·¯é•¿ä¸”è‰°,61b6fa410000000021029ef2,æˆéƒ½å“ªå’æ±½è½¦-åŒ¡é¾™,https://sns-avatar-qc.xhscdn.com/avatar/62c3e10f75d4369ac34568e3.jpg?imageView2/2/w/120/format/jpg,3,1703311320375,17
652ff7e70000000025021d70,1697642471000,ä¸Šæµ·,652f5649000000001f03c515,ç‚¹äº†ï¼Œä½œä¸ºå´‡å°šç§‘å­¦å…»å® äººå£«ï¼Œæˆ‘ä¹Ÿå¸Œæœ›å…»å°åŠ¨ç‰©æœ€å¥½ä¹Ÿèƒ½åƒè€ƒé©¾ç…§ä¸€æ ·å°±å¥½äº†ï¼Œè¿™æ ·èƒ½å‡å°‘é—å¼ƒï¼Œç¹è‚²é™¢èˆæœ€å¥½éœ€è¦å»åŠç›¸å…³ç»è¥æ‰§ç…§ï¼ˆç±»ä¼¼äºé£Ÿå“å«ç”Ÿè®¸å¯è¯é‚£ç§ï¼‰ï¼Œé—å¼ƒè™å¾…å…¥æ³•ï¼Œä¸€åˆ‡æ­£è§„èµ·æ¥ä¹‹åï¼Œå…»è‚²æˆæœ¬å˜é«˜ï¼Œè¢«é—å¼ƒçš„æµæµªåŠ¨ç‰©è‡ªç„¶å°±å°‘äº†ï¼Œå°åŠ¨ç‰©ä¹Ÿæ˜¯ä¸€æ¡ç”Ÿå‘½ï¼Œå¯¹å®ƒè´Ÿè´£ä¹Ÿæ˜¯å¯¹äººè´Ÿè´£ã€‚,5eb69a94000000000100148a,Neo,https://sns-avatar-qc.xhscdn.com/avatar/628174e44c12e6fea6d4db78.jpg?imageView2/2/w/120/format/jpg,1,1703311320379,10
653060240000000020027794,1697669156000,æ¹–å—,652f5649000000001f03c515,æˆ‘ä»¬çš„å›½å®¶åˆ°åº•æ˜¯æ€ä¹ˆäº†.æ˜æ˜æ˜¯å…»ç‹—çš„äººæ²¡æœ‰åšåˆ°å¾ˆå¥½çš„å…»ç‹—ä¹ æƒ¯å’Œå¹³æ—¶å¯¹ç‹—çš„æ•™è‚².æ˜æ˜æ˜¯è¦æ™®åŠå…»ç‹—ä»¥åŠåˆ«çš„å›½å®¶ä¸€æ ·å¯¹ç‹—ç‹—è¿›è¡Œæ•™è‚²ç®¡ç†å¤šä¸€ç‚¹çš„èŠ‚ç›®.åè€Œåœ¨æ•æ€æ— è¾œçš„ç”Ÿå‘½.åˆ°åº•æˆ‘ä»¬å›½å®¶æ˜¯æ€ä¹ˆäº†.å“ªä¸ªåŠ¨ç‰©å®‰å…¨æˆ‘å°±é—®.äººç±»éƒ½æ²¡æœ‰ç™¾åˆ†ä¹‹ç™¾å®‰å…¨çš„äºº.è¿˜å› äººè€Œå¼‚.æ›´ä½•å†µæ˜¯åŠ¨ç‰©.å…‰åšä¸€äº›æ²¡æœ‰ç”¨çš„çŸ­æœŸå¤„ç†æ–¹æ¡ˆ.åˆ°åº•æ˜¯å“ªä½é«˜å±‚ç»™çš„è¿™æ ·ä¼˜ç§€æ–¹æ¡ˆ.éº»çƒ¦æŒ‰é•¿è¿œçœ‹.å¤šæ’­å‡ºä¸€äº›åŠ¨ç‰©å‹å¥½èŠ‚ç›®.å¤šå‡ºäº›çœŸçš„æœ‰èƒ½åŠ›è®­ç‹—çš„æœºæ„å’Œæœ‰æ‰åçš„äººæ¥æ™®åŠè€ç™¾å§“æ€ä¹ˆå…»ç‹—æ€ä¹ˆè®­ç»ƒæœ‰é—®é¢˜çš„ç‹—ç‹—.ä»¥åŠå¹´è½»äººæ€ä¹ˆå…»ç‹—è¿™ç§èŠ‚ç›®å§.æ¯å¤©æ”¾é‚£ä¹ˆå¤šä¹±ä¸ƒå…«ç³Ÿç”µè§†å‰§.è¿˜ä¸å¦‚å¤šæ”¾äº›å¥åº·æœ‰ç›ŠèŠ‚ç›®.å­¦æ ¡ä¹Ÿæ™®åŠä¸‹å§.ä¸è¦æ¯å¤©æè¿™ä¹ˆå¤šæ•°ç†åŒ–å¥½å—ï¼Ÿäººéƒ½æ²¡æœ‰äº†çˆ±è¿˜è¦å­¦é—®å¹²ä»€ä¹ˆ,62f38624000000001e01d2ae,å¤§çº¢çŸ³,https://sns-avatar-qc.xhscdn.com/avatar/1040g2jo30srk2bm83q6g5onjgoi7jkleci7uvtg?imageView2/2/w/120/format/jpg,0,1703311320382,7
654733dc000000002002e741,1699165149000,é™•è¥¿,652f5649000000001f03c515,è¯¥è¯„è®ºå·²ä¸¢å¤±,645bdbb70000000014013773,å¡æ´›ç³å¨œ,https://sns-avatar-qc.xhscdn.com/avatar/be4e54a984a21be925a215a08fb36c8b.jpg?imageView2/2/w/120/format/jpg,0,1703311320388,0
65360db3000000001900890f,1698041267000,æ±Ÿè‹,652f5649000000001f03c515,å°±æ˜¯è¦åˆç†ç®¡æ§äº§ä¸šé“¾å’Œè§„èŒƒé¥²å…»äººæ–‡æ˜å…»ç‹—,5a057d2fdb2e6042a9da13a1,nini,https://sns-avatar-qc.xhscdn.com/avatar/1000g2jo2mq2g546js00049vc3ruiu4t16js1oag?imageView2/2/w/120/format/jpg,0,1703311320391,0
6536002d0000000020009458,1698037806000,å¹¿ä¸œ,652f5649000000001f03c515,é‚£ä¸ª200wå§çš„ææ¬¾å¯ä»¥é€€ å¯ä»¥é€€ å»æ‰¾å¹³å°ç”³è¯· å¯ä»¥é€€ï¼ç†ç”±å°±æ˜¯æ€€ç–‘ç”¨æˆ·é’±æ¬¾ä½¿ç”¨ä¸æ­£å½“ä¹‹ç±»çš„ï¼Œ å¯ä»¥é€€ ï¼Œæœ‰äººæˆåŠŸäº†ï¼Œæäº†çš„å¿«å»ï¼ˆä»¥ä¸Šå¤åˆ¶å¸Œæœ›æ›´å¤šäººçœ‹åˆ°     æ¶µæ¶µå¦ˆé‚£é‡Œå¯ä»¥ç”³è¯·é€€é’±äº†ï¼æˆ‘æœ‹å‹æçš„1000å·²ç»é€€å›æ¥äº†ï¼1.å…ˆå…³æ³¨å…¬ä¼—å·2.è¿›å…¥ä¸ªäººä¸­å¿ƒï¼Œé€‰æ‹©è®¾ç½®ï¼Œè¿›è¡Œå®åè®¤è¯3.å›åˆ°ä¸ªäººä¸­å¿ƒï¼Œé€‰æ‹©æˆ‘çš„ææ¬¾4.é€‰æ‹©ç»¿é€šè®¢å•ï¼Œç‚¹å‡»é€€è´¹è¿™æ ·å°±å¯ä»¥äº†ï¼Œå°±ä¸ç”¨è·Ÿå¹³å°å»å…œåœˆå­ã€‚å¤åˆ¶ç²˜è´´,5b77e43cd88eb3000133837a,è¿¦å—ä½‘ç”Ÿ,https://sns-avatar-qc.xhscdn.com/avatar/1040g2jo30rc3o6q61e6g4ag4epi3p0rq5t40m60?imageView2/2/w/120/format/jpg,0,1703311320393,1
65308caf000000001900ac2e,1697680559000,é‡åº†,652f5649000000001f03c515,ä¸æ˜¯æ‰€æœ‰äººéƒ½é…å…»ç‹—ï¼Œä¹Ÿä¸æ˜¯æ‰€æœ‰äººéƒ½é…å½“å®¶é•¿ï¼Œé—¨æ§›å¤ªä½äº† ï¼Œè¿™äº‹ä¸€å‡ºå¯¼è‡´è®©æ–‡æ˜å…»å® çš„äººéå¸¸å§”å±ˆï¼Œè¿™äº‹è°ä¸æ€¨[å¤±æœ›R]å°å¥³å­©å†¤ï¼ŒæµæµªåŠ¨ç‰©ä»¬å†¤ï¼Œæ–‡æ˜å…»å® çš„äººæ›´å†¤[å¤±æœ›R]æˆ‘æœ‰ä¸‰åªçŒ«ï¼Œä¸€åªæ˜¯æœ‹å‹æ€€å­•ä¸è¦çš„ï¼Œä¸€åªåœ¨æˆ‘æ¥¼ä¸‹æ¡çš„ï¼Œå¦ä¸€åªæœ‹å‹å®¶ç”ŸçŒ«ï¼Œæˆ‘è¦çš„ï¼Œæˆ‘å®¶é‡ŒæŒ‰äº†é˜²æŠ¤ç½‘ï¼Œæ€•å°±æ˜¯æ€•ä¸‡ä¸€è·³æ¥¼ï¼Œè¦æ˜¯ä¸å¹¸ç ¸ä¸­äººï¼Œ[å¤±æœ›R]éƒ½åšäº†ç»è‚²ï¼Œå¹³æ—¶æœ‰åœ¨å–‚æµæµªçŒ«ï¼Œæˆ‘ä¹Ÿå¾ˆå§”å±ˆå•Š[å·ç¬‘R]æ¯æ¬¡çœ‹åˆ°æµæµªåœ¨å¤–ï¼Œæˆ‘ä¹Ÿæƒ³å¸¦å›å®¶ï¼Œå¯æ˜¯æˆ‘èƒ½åŠ›ä¹Ÿæœ‰é™ï¼Œå¸¦å›å»åªèƒ½é™ä½å®ƒä»¬é›†ä½“çš„ç”Ÿæ´»æ°´å¹³å•Š[å“­æƒ¹R]å¤–é¢çš„æµæµªåŠ¨ç‰©ï¼Œç°åœ¨é©¬ä¸Šå†¬å¤©äº†ï¼Œå®ƒä»¬ä¹Ÿå¾ˆå›°éš¾ï¼Œå¦‚æœæ²¡æœ‰é‚£ä¹ˆå¤šå¼ƒå…»å’Œä¸è´Ÿè´£ä»»çš„å–‚å…»ï¼Œå°±ä¸ä¼šæœ‰é‚£ä¹ˆäººè®¨åŒäº†ï¼Œå½’æ ¹ç»“åº•æ˜¯å…»çš„é—¨æ§›å¤ªä½äº†ï¼Œå¤„ç½šå¤ªè½»äº†,5b68692cb4a92800010b5894,MoMo,https://sns-avatar-qc.xhscdn.com/avatar/6161425ba0c65c0001779a26.jpg?imageView2/2/w/120/format/jpg,0,1703311320396,1
652f9fef000000002301a72d,1697619951000,è¾½å®,652f5649000000001f03c515,[ç¬‘å“­R]çœŸçš„ï¼Œæœ¬æ¥å…»å¤§å‹çŠ¬å°±ä¸æ•¢æ’’æ‰‹ï½æˆ‘éƒ½ç”¨pé“¾ã€‚1.5ç±³çš„å¾ˆçŸ­äº†ï½ä½†æ˜¯è¿˜æ˜¯æœ‰å¾ˆå¤šäººæ€•æˆ‘æ‹½ä¸ä½,5dcb81b0000000000100bda9,é±¼&ç”Ÿ,https://sns-avatar-qc.xhscdn.com/avatar/63bad4c69c088b1a1d9602d0.jpg?imageView2/2/w/120/format/jpg,0,1703311320400,0
652f9890000000002001a0d0,1697618064000,æ±Ÿè‹,652f5649000000001f03c515,ä¸æ˜¯æ‰€æœ‰äººéƒ½èƒ½å…»ç‹—çš„ï¼Œè¿™é—¨æ§›æ²¡æ³•å¾‹ç›‘ç£ï¼Œæœ€åéƒ½æ˜¯ç‹—æ‰¿æ‹…,580f926f82ec391780dda976,æ‹’ç»æœæ•‘çŠ¬ï¼Œè¦æ±‚æœæ•‘å­©ï¼,https://sns-avatar-qc.xhscdn.com/avatar/64e1d3e2fae46675d342e00e.jpg?imageView2/2/w/120/format/jpg,0,1703311320405,0
652f8bc7000000001d006610,1697614791000,æ±Ÿè‹,652f5649000000001f03c515,ğŸ†™èµåŒ,6450570a00000000290140e2,èƒ¡èåœä¸è’²å…¬è‹±,https://sns-avatar-qc.xhscdn.com/avatar/1040g2jo30nta455718005p2gas5aag72epuse7o?imageView2/2/w/120/format/jpg,0,1703311320407,0
652f817c000000002100ce20,1697612156000,æ¹–å—,652f5649000000001f03c515,ç‚¹äº†ï¼,5e2830a2000000000100a36c,momo,https://sns-avatar-qc.xhscdn.com/avatar/1040g2jo30p03s2863q0g5nh862h098rcgunpg28?imageView2/2/w/120/format/jpg,0,1703311320411,0
652f6341000000002001f915,1697604417000,æµ™æ±Ÿ,652f5649000000001f03c515,æ˜¯çš„ï¼Œæ·˜å®ä¸Šä¸€å¤§å †å–æ˜ŸæœŸç‹—çš„,5bda7a29071c46000124ed50,ğŸŒ»,https://sns-avatar-qc.xhscdn.com/avatar/1040g2jo30s29051l2e004bmo08t2jrag1l4uet0?imageView2/2/w/120/format/jpg,0,1703311320413,0
652f8d80000000001c03c32f,1697615232000,å¤©æ´¥,652f361f000000001c014c0f,ç½‘ä¸Šæœ‰é‚£ç§é©±èµ¶ç‹—çš„è¶…å£°æ³¢ç”µå­äº§å“ï¼Œå¯ä»¥ä¹°ä¸€ä¸ª,5afdaa26e8ac2b306341261a,å‡çº§æ‰“æ€ª,https://sns-avatar-qc.xhscdn.com/avatar/640752a68d4f36b74654bec4.jpg?imageView2/2/w/120/format/jpg,5,1703311320428,0
652f4860000000002000db9b,1697597536000,æ±Ÿè‹,652f361f000000001c014c0f,å§å¦¹ä½ è¿™ä¸ªç–¤å¥½ææ€–è¿˜åœ¨è„‰æè¿™é‡Œå¿ƒç–¼,58b259d582ec394d8f1006ff,é²§é²§great,https://sns-avatar-qc.xhscdn.com/avatar/5e0f2ffb9a02a8000189adde.jpg?imageView2/2/w/120/format/jpg,4,1703311320436,0
652f56bf000000001d038fd7,1697601215000,å±±ä¸œ,652f361f000000001c014c0f,å’¬ä¸å’¬äººç‹—å‡ºé—¨éƒ½åº”è¯¥ç‰µç»³ï¼Œä¸è¿‡æˆ‘å®¶ç‹—æ˜¯çœŸçš„ä¸å’¬äºº[ç¬‘å“­R][ç¬‘å“­R],5ad6ab744eacab402f7be59d,Sissi_lxr,https://sns-avatar-qc.xhscdn.com/avatar/62f5d37d9bbdc6cb5105fb4a.jpg?imageView2/2/w/120/format/jpg,1,1703311320441,1
652f6ef7000000001b03e280,1697607415000,å†…è’™å¤,652f361f000000001c014c0f,ç°åœ¨å‡ºé—¨å°åŒºè¿˜æœ‰é›ç‹—ä¸æ “ç»³çš„ï¼Œç‰¹åˆ«æ˜¯æ™šä¸Šï¼Œå¥½å¤šäººå‡ºæ¥æºœå¤§ç‹—,5c8f3856000000001103a929,å¯å¯,https://sns-avatar-qc.xhscdn.com/avatar/411309441983cdc4ce073ff8da73b5b6.jpg?imageView2/2/w/120/format/jpg,0,1703311320445,0
652f6a03000000001b03cdd6,1697606147000,åŒ—äº¬,652f361f000000001c014c0f,å¸Œæœ›ç›¸å…³åŠ å¤§ç›¸å…³æ³•å¾‹ï¼ï¼ï¼ï¼,5f2812f4000000000100369a,å…¨é¢æŠ—æ—¥,https://sns-avatar-qc.xhscdn.com/avatar/650694c74d3ae99b6ce69ece.jpg?imageView2/2/w/120/format/jpg,0,1703311320448,0
65387fce000000002202f3d7,1698201550000,æ¹–å—,6537ba8b0000000025014b6a,ä¸€å¯¹ä¸€é€å­—ç¨¿@ä¸€èµ·çº¦é¢è¯•,64241b2a0000000029013d4d,é¢è¯•è«æ„,https://sns-avatar-qc.xhscdn.com/avatar/1040g2jo30rlkb66gii605p143claafadnle84bo?imageView2/2/w/120/format/jpg,0,1703311320456,0
655fed8e000000001b03d19f,1700785550000,å±±è¥¿,653f76c3000000001f004097,è¡¨æ€ åŸå›  å½±å“ å¯¹ç­– é•¿æ•ˆæœºåˆ¶,60c1b7da000000002002e286,ä¿¡ä¸œå“¥ï¼Œç›¸ä¿¡æœªæ¥,https://sns-avatar-qc.xhscdn.com/avatar/1040g2jo30rqmq562io005o61mvd85ok6tivmka8?imageView2/2/w/120/format/jpg,0,1703311320526,1
65407eac0000000020015ddb,1698725548000,æ¹–å—,653f76c3000000001f004097,æœ‰ç‚¹å¯æ€•,5fc13db40000000001007a25,z c s.,https://sns-avatar-qc.xhscdn.com/avatar/644df125fe6243cd283d0baf.jpg?imageView2/2/w/120/format/jpg,0,1703311320529,1
65300e88000000002402cd3f,1697648264000,ç¦å»º,652ffc7b000000001f03bd70,æ˜çŸ¥æ€•ï¼Œè¿˜æ‰“ç ´åŸåˆ™ï¼Œå°±è¦è¾ƒåŠ²ç§äººé¥²å…»ï¼Œæœ€ç»ˆç‹—å­å¯æ€œ,5c8f943d000000001000a66a,è¯·å…ˆè¯´ä½ å¥½ã€‚,https://sns-avatar-qc.xhscdn.com/avatar/6169ecb9147338f791008b6c.jpg?imageView2/2/w/120/format/jpg,1,1703311321686,21
6550b89d000000000f028806,1699788957000,æµ™æ±Ÿ,652ffc7b000000001f03bd70,æˆ‘è·Ÿä½ ä»¬è®² æˆ‘åˆšåˆšå‡ºé—¨æºœå¨ƒå›æ¥è·¯ä¸Š å°±é‡åˆ°ä¸€ä¸ªç˜¦ç˜¦é«˜é«˜çš„ç”·çš„é›2åªçŠ¬ ä¸€åªæ˜¯ç»†ç‹—ä¸€åªæ˜¯è·Ÿå›¾ç‰‡ä¸Š3å·æˆ–è€…6å·å¾ˆåƒ æˆ‘å“çš„è®¤ä¸å‡ºæ¥äº†å°±è§‰å¾—è·Ÿè€è™ä½“å‹å·®ä¸å¤šå¤§å…¨èº«éƒ½æ˜¯é»‘è‰²çš„ å› ä¸ºè¿‡è·¯åå­—è·¯å£æˆ‘æ˜¯ä¸œè¥¿æ–¹å‘ ä»–æ˜¯å—åŒ—æ–¹å‘ç¦»çš„ä¸€ç±³æˆ‘å°±çœ‹åˆ°ä»–çš„ç»†ç‹—äº†å¦ä¸€åªæˆ‘è¿˜æ²¡çœ‹åˆ° æˆ‘å°±èµ¶ç´§æŠŠæ¨è½¦è½¬åœ¨æˆ‘èº«å ç„¶åä»–ç‰µç€ç‹—èµ°äº†è¿‡æ¥ èµ°åˆ°æˆ‘é¢å‰ æˆ‘æ‰å‘ç°æ˜¯åªæ¶çŠ¬è€Œä¸”æ²¡æœ‰å¥—å˜´å¥—ä¸€å¼ å¤§å˜´æ»¡å˜´å“ˆå–‡å­ æˆ‘å½“æ—¶å“åäº† ç«™åœ¨åŸåœ°ä¸æ•¢åŠ¨ æˆ‘æ€•ä»–ç‰µä¸ä½ ç„¶åè®©ä»–å¹²ç´§ç‰µèµ° ä»–è¯´åˆ«æ€•åˆ«æ€•å°±æŠŠç‹—ç‰µå¾€å‰èµ° ç„¶åæœ€è¦å‘½çš„æ˜¯è¿™ä¸ªç‹—è·Ÿä»–èµ°äº†ä¸€ä¸‹åˆå›å¤´å¾€æˆ‘è¿™è¾¹æ¥äº† ä½ ä»¬èƒ½æƒ³è±¡å½“æ—¶é‚£ç§æƒ…æ™¯å— ä¸€åªä½“å‹è·Ÿè€è™å·®ä¸å¤šå¤§çš„æ¶çŠ¬ æ»¡å˜´å“ˆå–‡å­ èµ°å‘ä½ æˆ‘å·®ç‚¹å“å“­äº†,5ce5cc9a000000001102d4fa,SK,https://sns-avatar-qc.xhscdn.com/avatar/60b32e2ef36a4b0f3f750758.jpg?imageView2/2/w/120/format/jpg,7,1703311321688,3
6534b1e500000000250158f2,1697952229000,ç”˜è‚ƒ,652ffc7b000000001f03bd70,å®¶é•¿çœ‹å¥½è‡ªå·±çš„å­©å­ï¼Œæ°¸è¿œåˆ«ç›¸ä¿¡è¯´ä»€ä¹ˆç‹—ä¸å’¬äººï¼Œä¹Ÿåˆ«è®©å­©å­éšä¾¿å»æ‘¸ï¼Œä¸»äººåŒæ„äº†ä¹Ÿä¸è¡Œï¼æ¯•ç«Ÿåªè¦ç‹—å’¬äº†äººéƒ½æ˜¯ç‹—å¾ˆæ¸©é©¯ï¼Œä½ æ²¡çœ‹å¥½å­©å­ï¼Œä½ å®¶å­©å­ä¸»åŠ¨æ‹›æƒ¹ç‹—[åƒç“œR]çƒˆæ€§çŠ¬éƒ½èƒ½æ´—æˆæ¸©é©¯ï¼ŒçœŸå’¬äººäº†è°è·Ÿä½ è®²ç†,62a997d5000000001501e85a,å°å¸ƒå°”ä¹”äºšDAYTOY,https://sns-avatar-qc.xhscdn.com/avatar/62a997d5000000001501e85a.jpg?imageView2/2/w/120/format/jpg,8,1703311321691,17
6534c4d4000000001b031d72,1697957077000,å¹¿ä¸œ,652ffc7b000000001f03bd70,å­™çº¢é›·å‘¢ï¼Ÿ,5d635348000000000101864f,å¤šå°”æˆˆé²åŸº,https://sns-avatar-qc.xhscdn.com/avatar/63482f3a1c2b38d1911f02ef.jpg?imageView2/2/w/120/format/jpg,5,1703311321693,0
6535cbfa000000001d002750,1698024442000,å¹¿è¥¿,652ffc7b000000001f03bd70,æˆ‘è®°å¾—æ¯”ç‰¹çŠ¬è¿˜æ‰“ä¸è¿‡ä¸­åç”°å›­çŠ¬ï¼ŒBæœ‰è§†é¢‘ï¼Œç¬¬ä¸€æ¬¡çŸ¥é“å›½äº§é˜¿é»„æˆ˜æ–—åŠ›çˆ†è¡¨[ç¬‘å“­R],5f34340b00000000010058a5,ç«¥å´½å­,https://sns-avatar-qc.xhscdn.com/avatar/63a9cf623a14c3466f966509.jpg?imageView2/2/w/120/format/jpg,4,1703311321696,0
653360a20000000025017715,1697865890000,æ²³åŒ—,652ffc7b000000001f03bd70,å¸Œæœ›å®¶é•¿èƒ½å‡ºé—¨èƒ½çœ‹ä½è‡ªå·±å­©å­ï¼Œçœ‹ä¸ä½è‡ªå·±å­©å­åˆ°æ—¶å€™å‡ºäº†äº‹ æœ‰å“­çš„æ—¶å€™,5c0b8eaf000000000601ed6d,æˆ‘å«ç‹å°äºŒå–ï¼,https://sns-avatar-qc.xhscdn.com/avatar/62722d6b389c5ed27639bc3b.jpg?imageView2/2/w/120/format/jpg,2,1703311321699,12
6535d5d9000000002003be0a,1698026969000,å‰æ—,652ffc7b000000001f03bd70,å­¦ä¼šäº† é‚£æ€ä¹ˆè¯†åˆ«çƒˆæ€§äºº,600c008c0000000001007641,æ™®ç½—ç»´å¨…,https://sns-avatar-qc.xhscdn.com/avatar/638c7e5ca6ea64bf712deeca.jpg?imageView2/2/w/120/format/jpg,2,1703311321703,0
653395070000000020031f21,1697879303000,å¤©æ´¥,652ffc7b000000001f03bd70,æ‡‚äº† è¿œç¦»å…«å­—å˜´,580deb7a5e87e7697f4e8a62,-åŒ—äººä¹…æƒ…,https://sns-avatar-qc.xhscdn.com/avatar/7121a416be8e543266fd62c1cc9d575e.jpg?imageView2/2/w/120/format/jpg,1,1703311321706,2
6533913a000000002002822c,1697878330000,å¹¿ä¸œ,652ffc7b000000001f03bd70,æ¯”ç‰¹çŠ¬çš„è‚Œè‚‰çœ‹ç€å°±è§‰å¾—å‡¶,5d61468e000000000100a8f3,çŠ,https://sns-avatar-qc.xhscdn.com/avatar/614063106325edf471181bbf.jpg?imageView2/2/w/120/format/jpg,1,1703311321708,1
653357b60000000019009043,1697863606000,æ±Ÿè‹,652ffc7b000000001f03bd70,å¾ˆå¥½çš„å¹²è´§ï¼Œè°¢è°¢å°ç¼–,5bd018c838ba630001166b0b,TAOå®å„¿,https://sns-avatar-qc.xhscdn.com/avatar/1040g2jo30rhs9hsai44g4bjeeeccgqobli2vi00?imageView2/2/w/120/format/jpg,1,1703311321711,1
6551dc010000000033003164,1699863553000,é‡åº†,652ffc7b000000001f03bd70,è²å‹’æŠ¤é¢†åœŸæ„å¼å¤ªææ€–äº†,5f4a5bea0000000001004305,æœ‰å“ä½çš„ç›ä¸é±¼,https://sns-avatar-qc.xhscdn.com/avatar/1000g2jo2gqnsr0ais06g5nqabfl08go59gj04q8?imageView2/2/w/120/format/jpg,0,1703311321714,0
653a29170000000021002e0e,1698310423000,è¾½å®,652ffc7b000000001f03bd70,å¾ˆæœ‰ç”¨çš„åˆ†äº«,64e2cb0b000000000100c8bd,æ¡ƒæ¡ƒä¸¸å­,https://sns-avatar-qc.xhscdn.com/avatar/1040g2jo30obvv01li8005p72pc5g9i5thi430g8?imageView2/2/w/120/format/jpg,0,1703311321716,0
65366184000000001a012536,1698062724000,å¹¿ä¸œ,652ffc7b000000001f03bd70,ä¸€èˆ¬é•¿è¿™æ ·çš„éƒ½ä¸æ•¢é è¿‘äº†ï¼Œçœ‹èµ·æ¥å°±å¾ˆå‡¶,608aed91000000000101e2c0,momo,https://sns-avatar-qc.xhscdn.com/avatar/64e0d20169140d5fa7f598d6.jpg?imageView2/2/w/120/format/jpg,0,1703311321720,1
653644ba000000001903bf8a,1698055354000,æ±Ÿè‹,652ffc7b000000001f03bd70,ä¸€èˆ¬çƒˆæ€§çŠ¬éƒ½é•¿å¾—ä¸‘[ç¬‘å“­R],5a1bb06a4eacab0f7340dcef,ç¾å°‘å¥³æˆ˜å£«,https://sns-avatar-qc.xhscdn.com/avatar/1040g2jo30qv60q0rh2d049vu14o6ln7fdfvo160?imageView2/2/w/120/format/jpg,1,1703311321722,2
65363a17000000002002aa59,1698052631000,æµ™æ±Ÿ,652ffc7b000000001f03bd70,åŸå¸‚è¿˜æ˜¯é€‚åˆé‡‘æ¯› æ‹‰å¸ƒå¤šæ‹‰å¤š è¾¹ç‰§ æ³°è¿ªè¿™ç±»,5d7744470000000001005b1b,PROJECT 0111,https://sns-avatar-qc.xhscdn.com/avatar/1040g2jo30o565dtsim005nbn8h3g8morthbgcc8?imageView2/2/w/120/format/jpg,1,1703311321725,1
6535db930000000020035aaf,1698028435000,,652ffc7b000000001f03bd70,æ€ä¹ˆè¯´äº†ï¼Œæˆ‘ä¹Ÿæ˜¯å…»ç‹—ï¼Œä¹Ÿéå¸¸å–œæ¬¢ç‹—ç‹—ï¼Œä½†å…»ç‹—çš„ä¸ç‰µç‹—ï¼Œæˆ‘ä¹Ÿæ˜¯éå¸¸çš„è®¨åŒï¼Œæˆ‘ä¸Šç”µæ¢¯éƒ½é—®ä»–ä»¬æ€•ä¸æ€•ç‹—ï¼Œä¸æ€•æˆ‘å°±ç‰µç‹—ä¸€èµ·è¿›ç”µæ¢¯ï¼Œå¦‚æœæ€•ï¼Œæˆ‘å°±ç­‰ä¸‹ä¸€ä¸ªç”µæ¢¯ï¼Œè¦æ‹…å¾—èµ·é“²å±å®˜çš„è´£ä»»ã€‚,5f459d19000000000101f79e,å¦‚ä½•æˆä¸ºå¸…å“¥,https://sns-avatar-qc.xhscdn.com/avatar/63a15e5cea6ad999d562f84a.jpg?imageView2/2/w/120/format/jpg,0,1703311321726,1
6534d13f000000001d00c83c,1697960255000,æ²³å—,652ffc7b000000001f03bd70,æ¶éœ¸çŠ¬æ˜¯ä¸æ˜¯æœ‰æ¯”ç‰¹çŠ¬çš„è¡€ç»Ÿ,5b18bf7a11be107b20213bce,P!anet,https://sns-avatar-qc.xhscdn.com/avatar/607c49530606a3c74f2e45fc.jpg?imageView2/2/w/120/format/jpg,0,1703311321730,0
65347430000000001900aa4d,1697936432000,æ²³å—,652ffc7b000000001f03bd70,ä½ æ˜¯ä¸ªç­ç»å¸ˆå¤ª,5ee22b4f0000000001001f7e,é˜³é˜³,https://sns-avatar-qc.xhscdn.com/avatar/6077eb7bc54afad0b6061f3e.jpg?imageView2/2/w/120/format/jpg,1,1703311321733,0
653454d7000000002201eefc,1697928407000,æ±Ÿè‹,652ffc7b000000001f03bd70,ä¸ç®¡æ˜¯ä»€ä¹ˆç‹—   éƒ½è¦ä¿æŒè·ç¦»    ä¸è¦æ‘¸è·¯è¾¹çš„ç‹—,5911a60550c4b43afe142938,momo,https://sns-avatar-qc.xhscdn.com/avatar/1040g2jo30rllu92vio6g49fqk7j0aa9o5uj4440?imageView2/2/w/120/format/jpg,0,1703311321737,3
653435060000000021003a8f,1697920262000,é‡åº†,652ffc7b000000001f03bd70,"æˆ‘çš„æ¯”ç‰¹å°±æ˜¯æˆ˜æ­»çš„,å®¶é‡Œæœ‰è›‡,å®ƒå’¬æ­»äº†è›‡,å®ƒä¹Ÿæ­»äº†ã€‚",6411872400000000110204b2,å°å°ä¸–ç•Œ,https://sns-avatar-qc.xhscdn.com/avatar/411309441983cdc4ce073ff8da73b5b6.jpg?imageView2/2/w/120/format/jpg,0,1703311321739,0
6533edf9000000002201d0b4,1697902073000,æµ™æ±Ÿ,652ffc7b000000001f03bd70,éƒ½å¥½å“äºº[å“­æƒ¹R]@è…¹è‚Œå¥¶é¾™,550521492e1d937cd93a5791,åªåƒç³–ä¸åƒè‹¦(è£…ä¿®ä¸­),https://sns-avatar-qc.xhscdn.com/avatar/1040g2jo30n491v1i5g004060ihgkilsh8ldeaj0?imageView2/2/w/120/format/jpg,1,1703311321743,0
6533d772000000001d002a08,1697896306000,æµ™æ±Ÿ,652ffc7b000000001f03bd70,@è¡—è§’,5b8213a8871ff10001a50f69,æ¢…è²æ–¯ç‰¹,https://sns-avatar-qc.xhscdn.com/avatar/6489dbbe17cdc10276a61e86.jpg?imageView2/2/w/120/format/jpg,1,1703311321746,0
6533ccbc0000000025016a3f,1697893564000,å®‰å¾½,652ffc7b000000001f03bd70,@è¿‡æœŸçš„é…¸å¥¶_ å§å§æˆ‘æ€•â€¦,5dbb8ffd0000000001004545,å°æŠ„å†™å‘˜,https://sns-avatar-qc.xhscdn.com/avatar/628260a50177fd987babcfcd.jpg?imageView2/2/w/120/format/jpg,0,1703311321749,0
6533b572000000002100edb0,1697887602000,é™•è¥¿,652ffc7b000000001f03bd70,æˆå¹´äººéƒ½æ€•è¿™äº›ç‹—ã€‚,5b8b3990cb86550001593a5d,å¸­ä¸ä¹ ,https://sns-avatar-qc.xhscdn.com/avatar/5b8b3990cb86550001593a5d.jpg?imageView2/2/w/120/format/jpg,1,1703311321752,2
65334464000000002002a7f0,1697858660000,å®‰å¾½,652ffc7b000000001f03bd70,çœ‹ç€å°±å¥½å‡¶,5be7bc1629ae6c0001cbd34e,bababaqq,https://sns-avatar-qc.xhscdn.com/avatar/1040g2jo30rnutpp8ie6g4bpoj7u1dkqe6b9e1qg?imageView2/2/w/120/format/jpg,0,1703311321755,4
65333c96000000002303af52,1697856662000,å±±ä¸œ,652ffc7b000000001f03bd70,@è±«è¥¿å°ä¸ @è±«è¥¿å°ä¸ èŠ±çŒ«å‘¢,5c5961dc000000001b00d94f,å¥³ç¥¨æ˜¯åªåŒçœ¼çš®,https://sns-avatar-qc.xhscdn.com/avatar/1040g2jo30pvdfjspn8605n2pc7e6pmaffol5g3g?imageView2/2/w/120/format/jpg,1,1703311321758,0
653242b600000000190399f5,1697792694000,ç”˜è‚ƒ,652ffc7b000000001f03bd70,æ¯”ç‰¹çŠ¬æ”¾çš„æ˜¯æ¶éœ¸çš„å›¾[ç¬‘å“­R]ï¼Œæ¶éœ¸åªæ˜¯é•¿å¾—å‡¶,63184992000000002302523a,å°çº¢è–¯63187C7A,https://sns-avatar-qc.xhscdn.com/avatar/7121a416be8e543266fd62c1cc9d575e.jpg?imageView2/2/w/120/format/jpg,1,1703311321759,4
6531d64e000000002202e74f,1697764942000,å¹¿ä¸œ,652ffc7b000000001f03bd70,å¤ªå¯æ€•äº† è¿œç¦»å®ƒä»¬,58e8988250c4b46e7f2fcda9,åä¸€å¦ˆå¦ˆ,https://sns-avatar-qc.xhscdn.com/avatar/1040g2jo30orin61k346g49chvec85jd9nq8s8n8?imageView2/2/w/120/format/jpg,2,1703311321763,1
6535c76b0000000023038298,1698023275000,æ¹–å—,652ffc7b000000001f03bd70,çœŸæ˜¯èƒ¡è¯´å…«é“ï¼Œæ¯”ç‰¹å’¬äººçš„å¯èƒ½æ€§æ¯”æ³°è¿ªè¿˜è¦ä½ï¼ŒåŸ¹è‚²è¿‡ç¨‹ä¸­å’¬äººçš„æ¯”ç‰¹éƒ½è¦æ­»ã€‚,6096c4d400000000010017f5,bobe,https://sns-avatar-qc.xhscdn.com/avatar/60a3535b5e3bb69a5ae5454e.jpg?imageView2/2/w/120/format/jpg,1,1703311321766,0
6534af600000000025014705,1697951586000,å¢¨è¥¿å“¥,652ffc7b000000001f03bd70,æˆ‘æœ‹å‹å®¶çš„ç½—å¨çº³è¶…çº§ä¹–çš„ï¼Œç¬¬ä¸€æ¬¡è§é¢è™½ç„¶è¢«å®ƒä½“å‹å“åˆ°ï¼Œä½†æ˜¯å®ƒåªæ˜¯ä¸€åªæ†¨æ†¨å®å®è€Œå·²ï¼Œæ‰€ä»¥æˆ‘ä¸ç›¸ä¿¡å¦‚æœä¸å»æŒ‘è¡…å®ƒã€‚å®ƒä¼šæ— åŸæ— æ•…å»æ”»å‡»çš„,5ca9c7bf0000000017004687,LUki çš„ä¼˜è‰æœ,https://sns-avatar-qc.xhscdn.com/avatar/63e5fcb1816f8b42466b8dc5.jpg?imageView2/2/w/120/format/jpg,13,1703311321770,5
652f86ad0000000020032e67,1697613485000,æ±Ÿè‹,652e9d18000000002301b8dc,ä½†æ˜¯åè¿‡æ¥ï¼Œå¦‚æœæ¶çŠ¬è¢«æ‰“æ­»äº†ï¼Œå¥³ç«¥å°±å’¬äº†ä¸€å£ï¼Œèˆ†è®ºåˆæ˜¯æ€ä¹ˆæ ·ï¼Ÿ,5b860907d41e080001c8f2f4,ç­±é¦¨,https://sns-avatar-qc.xhscdn.com/avatar/5b8609957c4350000163b6d8.jpg?imageView2/2/w/120/format/jpg,37,1703311322172,32
6530f583000000001c028032,1697707395000,å››å·,652e9d18000000002301b8dc,å¦‚æœç‹—çš„ç”Ÿå‘½å‡Œé©¾äºäººçš„ç”Ÿå‘½ä¹‹ä¸Šï¼Œå°±æ˜¯åäººç±»åç¤¾ä¼š,5abcbc1fdb2e601d71a60563,æ»¡æ¸…é•¶é»„æ——ğŸ£,https://sns-avatar-qc.xhscdn.com/avatar/61d78dbd18ed93d749f03d7f.jpg?imageView2/2/w/120/format/jpg,18,1703311322175,52
652f382b000000001d038f20,1697593387000,å¹¿ä¸œ,652e9d18000000002301b8dc,ä¸¥æƒ©è¿è§„é¥²å…»å¤§å‹ç”šè‡³ç¦å…»çŠ¬çš„äººï¼ï¼ï¼,5fa4ad75000000000101d57c,momo,https://sns-avatar-qc.xhscdn.com/avatar/1040g2jo30qdf5arm08605nt4llqgblbskr8qtho?imageView2/2/w/120/format/jpg,15,1703311322178,40
65353a56000000002001122e,1697987158000,ä¸­å›½æ¾³é—¨,652e9d18000000002301b8dc,æœ¬æ¥åŒæƒ…ï¼Œä½†æ˜¯å¬è¯´å¥¹ç­¹æ¬¾200wï¼ŒåŸæ¥æ˜¯æ²¡æœ‰åŒ»é™¢å¼€å…·çš„è¯æ˜çš„ï¼Œè€Œä¸”ä¹Ÿä¸æ„¿æ„å…¬å¼€è´¹ç”¨æ˜ç»†ï¼Œç”šè‡³è¿˜æŠŠè¦æ±‚å…¬å¼€æ˜ç»†çš„ææ¬¾äººæ‹‰é»‘ï¼Œç°åœ¨å¯¹å¥¹å¯æ€œä¸èµ·æ¥,5abba048e8ac2b330057f55b,ğŸŒŸCKâœ¨,https://sns-avatar-qc.xhscdn.com/avatar/643d84cf5494bd5c8d2bc5d9.jpg?imageView2/2/w/120/format/jpg,3,1703311322180,22
652ea356000000001900a180,1697555286000,é‡åº†,652e9d18000000002301b8dc,æˆ‘éƒ½ä¸æ•¢æ‰“å¼€çœ‹ï¼Œæˆ‘ä¹Ÿå…»ç‹—ç‹—çš„ä¹Ÿæ˜¯å®å®å¦ˆå¦ˆï¼ŒçœŸçš„å¥½å¿ƒç–¼ã€‚åŠ æ²¹å®å®,61b5fd5100000000210261ec,ç”Ÿæ¤°æ‹¿é“,https://sns-avatar-qc.xhscdn.com/avatar/656d8ebb7b442706a82346a2.jpg?imageView2/2/w/120/format/jpg,2,1703311322182,5
653400360000000020037287,1697906742000,å¹¿ä¸œ,652e9d18000000002301b8dc,å¿…é¡»ä¸¥æƒ©ã€‚äººç±»å¹¼å´½å—ä¼¤ã€‚æ— æ•°æµæµªçŒ«ç‹—å«äº†å‘½ã€‚,6117743f0000000001008f16,ğŸ€,https://sns-avatar-qc.xhscdn.com/avatar/637c53b18f2682b89e2c99ca.jpg?imageView2/2/w/120/format/jpg,4,1703311322186,10
6538b9ec0000000020036360,1698216429000,,652e9d18000000002301b8dc,è¯¥è¯„è®ºå·²ä¸¢å¤±,61b0765b0000000010009060,ä¹¦çªsi,https://sns-avatar-qc.xhscdn.com/avatar/6434c598fe6243cd2838e22c.jpg?imageView2/2/w/120/format/jpg,7,1703311322190,2
652f872a00000000200152bd,1697613610000,æ¹–åŒ—,652e9d18000000002301b8dc,æˆ‘å‰å‡ å¤©åœ¨ç”µæ¢¯ ä¸€åªç‹—è¿›æ¥å°±å‘æˆ‘æ‰‘æ¥ å¹¸å¥½æ˜¯å°ç‹—æˆ‘èº²çš„å¿«ï¼Œç‹—ä¸»äººä¸ä½†ä¸æ‹‰è¿˜ä¸€ç›´è¯´å¥¹ç‹—ä¸å’¬äººè®©æˆ‘ä¸è¦èº²è¶Šèº²è¶Šä¸å¥½ï¼Œç«‹é©¬å¥¹çš„ç‹—å½“ç„¶ä¸å’¬å¥¹äº† æˆ‘è¦ä¸èº²å’¬çš„ä¸æ˜¯å¥¹,5bdf22b0014a820001ef512c,ä¸å‡¡çš„å¨±ä¹ä¹,https://sns-avatar-qc.xhscdn.com/avatar/2b4cefbb01e0a0824f5c173dde7f98b2.jpg?imageView2/2/w/120/format/jpg,2,1703311322193,7
653ff5fb000000002201ef28,1698690555000,å¹¿è¥¿,652e9d18000000002301b8dc,é¦–å…ˆè¿™å°±æ˜¯ä¸¤ä¸ªç‰©ç§ï¼Œäººå’Œäººä¹‹é—´å¯ä»¥é€šè¿‡å„ç§å½¢å¼äº¤æµåˆ¤æ–­è¿™ä¸ªäººçš„å¥½ä¸åï¼Œäººä¸èƒ½å’Œç‹—æ²Ÿé€šï¼Œç‹—åªæ˜¯é€šè¿‡è‡ªå·±é•¿æ—¶é—´çš„ç´¯ç§¯è®­ç»ƒå»ç†è§£äººç±»è¦è¡¨è¾¾çš„æ„æ€ï¼Œé‚£ä¹ˆäººå’Œäººä¹‹é—´éƒ½ä¼šå­˜åœ¨è“„æ„è°‹æ€ï¼Œäººéƒ½ä¼šçªç„¶å‘ç–¯ä¹±ç ä¹±æ€äººï¼Œé‚£ä¹ˆä»–çš„ç»“å±€å°±æ˜¯è¢«æŠ“è¢«å…³è¢«åˆ¤åˆ‘ï¼Œé‚£ä¸ºä»€ä¹ˆä¸€ä¸ªäººæ€äº†äººä¸åƒä¸€ä¸ªç‹—å’¬äº†äººä¸€æ ·æŠŠæµæµªæ±‰æŠŠä¸Šè¡—ä¸Šçš„äººéƒ½æŠ“äº†ï¼Ÿå› ä¸ºäººå’Œäººä¹‹é—´å¯ä»¥æ²Ÿé€šåˆ¤æ–­ï¼ä¸ºä»€ä¹ˆä¸€åªæœ‰ä¸»äººçš„ç‹—å’¬äº†äººï¼Œæ‰€æœ‰çš„æµæµªç‹—éƒ½è¦è¢«æŠ“ï¼Œå› ä¸ºä½ æ²¡åŠæ³•è·Ÿç‹—æ²Ÿé€šï¼Œå®ƒæ˜¯ç‹—ï¼Œå®ƒæ²¡æœ‰èº«ä»½è¯æ²¡æœ‰å·¥ä½œï¼Œå®ƒæ²¡æœ‰åƒäººç±»ä¸€æ ·å¯ä»¥æ‹¥æœ‰çš„è¿‡å¾€å²è®°å½•ï¼Œå®ƒåœ¨è¡—ä¸Šæµæµªï¼Œå®ƒèº«ä½“æœ‰ä»€ä¹ˆç—…ï¼Œå®ƒå»è¿‡å“ªé‡Œï¼ŒåŠ¨ç‰©æ¯”ä¸€ä¸ªäººçªç„¶å‘ç‹‚ä¼¤å®³ä½ çš„æ¦‚ç‡è¦é«˜å¾—å¤šï¼Œæµæµªç‹—æŠ“èµ°æ˜¯æœ€ç›´æ¥æœ€æœ‰æ•ˆå‡å°‘äº‹ä»¶çš„æ¦‚ç‡çš„æ–¹å¼,6129dee2000000000101779d,LeeanaæŒ‡å°–å°è±¡,https://sns-avatar-qc.xhscdn.com/avatar/1040g2jo30r9ruegq1c005o99rrh0atstt43qtr8?imageView2/2/w/120/format/jpg,2,1703311322195,3
65348cfb0000000019039b37,1697942779000,,652e9d18000000002301b8dc,"@à­§â¤âƒğŸ.: æˆ‘å¤åˆ¶çš„ï¼@æ— è¯­çš„åœŸè±†ï¼šæ…¢æ…¢z.ï¼šé€€è´¹æµç¨‹ï¼š
1.å…ˆå…³æ³¨å…¬ä¼—å·
2.è¿›å…¥ä¸ªäººä¸­å¿ƒï¼Œé€‰æ‹©è®¾ç½®ï¼Œè¿›è¡Œå®åè®¤è¯
3.å›åˆ°ä¸ªäººä¸­å¿ƒï¼Œé€‰æ‹©æˆ‘çš„ææ¬¾
4.é€‰æ‹©ç»¿é€šè®¢å•ï¼Œç‚¹å‡»é€€è´¹
è¿™æ ·å°±å¯ä»¥äº†ï¼Œå°±ä¸ç”¨è·Ÿå¹³å°å»å…œåœˆå­ã€‚",5b2b737be8ac2b243639ddf0,å°æ–°ã€‚,https://sns-avatar-qc.xhscdn.com/avatar/5eeb344fda075400015894c8.jpg?imageView2/2/w/120/format/jpg,1,1703311322199,5
6582020b000000001a031f18,1703019019000,å¹¿ä¸œ,652e9d18000000002301b8dc,å’¬çš„å¥½ï¼Œä¸­å›½äººå¿…é¡»ä¸ºåƒç‹—ä»˜å‡ºä»£ä»·ï¼,65576d91000000001000b7a0,å°çº¢è–¯6558277A,https://sns-avatar-qc.xhscdn.com/avatar/645b65431e7abf18da7d1266.jpg?imageView2/2/w/120/format/jpg,0,1703311322203,0
6561942d000000001900b276,1700893741000,äº‘å—,652e9d18000000002301b8dc,ç°åœ¨å†çœ‹ è„¸ç–¼ä¸ç–¼,5ce4ce94000000001003929c,æœ¨å®,https://sns-avatar-qc.xhscdn.com/avatar/63fc0c78c599dfcc6af152e6.jpg?imageView2/2/w/120/format/jpg,0,1703311322205,1
6552e8aa000000002002236e,1699932330000,ä¸Šæµ·,652e9d18000000002301b8dc,è¯ˆæ,5ca4c0d9000000001100f6d1,ANdçš„å°ç‹—ğŸ¶,https://sns-avatar-qc.xhscdn.com/avatar/1040g2jo30n2sasfn5a705n54o3ck9tmht147o78?imageView2/2/w/120/format/jpg,0,1703311322209,0
654a57aa000000002003e755,1699370922000,,652e9d18000000002301b8dc,ä¸æ˜¯éƒ½è¯´ç‹—æ˜¯äººæœ€å¿ è¯šçš„æœ‹å‹å—,653a72e9000000000600635a,æ€œæƒ…ğŸŒ·,https://sns-avatar-qc.xhscdn.com/avatar/1040g2jo30qmot6kt0g6g5p9qebkhgoqqiqipdno?imageView2/2/w/120/format/jpg,0,1703311322211,0
654a579c000000002001fbd0,1699370908000,,652e9d18000000002301b8dc,ç‹—ä¹Ÿæ˜¯ä¸€æ¡ç”Ÿå‘½,653a72e9000000000600635a,æ€œæƒ…ğŸŒ·,https://sns-avatar-qc.xhscdn.com/avatar/1040g2jo30qmot6kt0g6g5p9qebkhgoqqiqipdno?imageView2/2/w/120/format/jpg,1,1703311322214,1
654a5794000000002100732b,1699370900000,,652e9d18000000002301b8dc,åº”è¯¥æ€ªä»–ä¸»äººå•Šï¼Œéƒ½æ˜¯å› ä¸ºå®ƒä¸»äººä¸ç»™å®ƒåƒä¸œè¥¿ï¼Œä¸ç»™ä»–æ‹´ç»³å­ï¼Œæ‰€ä»¥ç‹—é¥¿äº†ï¼Œç„¶åå‘¢ï¼Œå¯èƒ½å°±ä¼šè·‘åˆ°åé¢æ¥æ‰¾åƒçš„å‘€,653a72e9000000000600635a,æ€œæƒ…ğŸŒ·,https://sns-avatar-qc.xhscdn.com/avatar/1040g2jo30qmot6kt0g6g5p9qebkhgoqqiqipdno?imageView2/2/w/120/format/jpg,1,1703311322216,1
65423edc000000001903809a,1698840284000,å¹¿ä¸œ,652e9d18000000002301b8dc,æœ‰äººè¯´ç‹—ğŸ¶å’¬ä¸æ­»äººï¼Œæ€ä¹ˆæ€¼[å¤±æœ›R],5c0be662f7e8b971f6eabdb0,å†·æš–è‡ªçŸ¥,https://sns-avatar-qc.xhscdn.com/avatar/5f86486f1573e20001276272.jpg?imageView2/2/w/120/format/jpg,0,1703311322220,1
653e8250000000001b032723,1698595408000,ä¸­å›½å°æ¹¾,652e9d18000000002301b8dc,å¯æ‚²çš„äººé¡ï¼Œå¾ˆå¤šäººä¸æœƒé¤Šé€™ç¨®ç‹—ç‹—ï¼Œå»å› ç‚ºæƒ³é¤Šå°±é¤Š ï¼Œé€ æˆäº†æ‚²åŠ‡ï¼Œå’¬å‚·ç„¡è¾œçš„äººï¼Œç‹—ç‹—ä¹Ÿé›£é€ƒé€ç½°ï¼Œé€™ç¨®ç„¡è…¦é¤Šç‹—çš„äººç›´æ¥æ­»åˆ‘æ¯”è¼ƒå¿«ï¼Œå…å¾—ç¹¼çºŒæ®˜å®³ç¤¾æœƒï¼Œå› ç‚ºç„¡è…¦çš„äººåªæœƒåšä¸€å †è…¦æ®˜äº‹,620831a3000000001000d9c9,TOBE,https://sns-avatar-qc.xhscdn.com/avatar/1040g2jo30s9nt805is6g5og866hk1me9d2cus0g?imageView2/2/w/120/format/jpg,0,1703311322222,2
653c5a0a0000000021011f58,1698454026000,ç¾å›½,652e9d18000000002301b8dc,å¤§é™†çš„åŠ¨ç‰©æ˜¯æ²¡æœ‰æƒåˆ©ï¼Œä¹Ÿæ²¡æœ‰ä¿æŠ¤æ³•ï¼Œä¸ä»…ä»…æ˜¯ç‹—ï¼Œæ›´åˆ«è¯´ä»»ä½•è§„ç« åˆ¶åº¦å»ç®¡ç†å® ç‰©æ‹´ç»³ï¼Œè·Ÿé™Œç”Ÿäººä¿æŒè·ç¦»è¿™äº›æ•™è‚²åˆ¶åº¦,5eb490a50000000001006e2e,äºŒç‹—å­,https://sns-avatar-qc.xhscdn.com/avatar/5eb490a50000000001006e2e.jpg?imageView2/2/w/120/format/jpg,1,1703311322225,1
653b7f70000000002202e3ef,1698398064000,å¹¿ä¸œ,652e9d18000000002301b8dc,åœ¨åŸå¸‚çƒˆæ€§çŠ¬åˆ«å…»è°¢è°¢[å¾®ç¬‘R]å¾ˆçƒ¦è¿™äº›å…»çƒˆæ€§çŠ¬äººè¯´æˆ‘ç‹—ä¸å’¬äºº,63989515000000002601188b,å¹½å¹½æœ,https://sns-avatar-qc.xhscdn.com/avatar/1040g2jo30panqhetk66g5osoikapi64b72e4pu0?imageView2/2/w/120/format/jpg,0,1703311322228,4
65391ac1000000001c028dc0,1698241217000,å¹¿è¥¿,652e9d18000000002301b8dc,å› ä¸ºä¸€åªç‹—ï¼Œå…¶ä»–ç‹—éƒ½è¦æ­»ï¼Œé‚£å¦‚æœæœ‰ä¸€ä¸ªäººï¼Œåœ¨è¡—ä¸Šæ€äº†äººï¼Œå…¶ä»–äººå…¨éƒ¨éƒ½æœ‰ç½ª,63ae7bd6000000002703460e,oã€‚ğŸ˜¶,https://sns-avatar-qc.xhscdn.com/avatar/1040g2jo30oamp06u2m5g5oteffb9uhge3e1d9gg?imageView2/2/w/120/format/jpg,0,1703311322231,4
653850fa0000000020011521,1698189562000,è¾½å®,652e9d18000000002301b8dc,å‘µå‘µï¼Œè¯¥,601a277c00000000010043a6,æ”¯æ£±,https://sns-avatar-qc.xhscdn.com/avatar/653a254320f4400a47bef00f.jpg?imageView2/2/w/120/format/jpg,0,1703311322246,0
65379a70000000002201fdbd,1698142832000,æ¹–å—,652e9d18000000002301b8dc,ç›´æ¥ä¸€è„šæŠŠç‹—KOäº†ï¼Œ,5d6a797d000000000100afa4,momo,https://sns-avatar-qc.xhscdn.com/avatar/1000g2jo2p7m8b92js06g5nbaf5ug9bt4otjjnug?imageView2/2/w/120/format/jpg,1,1703311322249,1
653759a1000000001b03fb9e,1698126242000,,652e9d18000000002301b8dc,æˆ‘çœ‹åˆ°çš„å›¾æ˜¯è¿™æ ·çš„ï¼Œä¸ºå•¥çœ‹åˆ°çš„ä¸ä¸€æ ·ï¼Ÿè¢«äººPSäº†å—[ç¬‘å“­R],62a82181000000001b026278,Huskyä¼Š,https://sns-avatar-qc.xhscdn.com/avatar/62a82203a039dfda9b65d38c.jpg?imageView2/2/w/120/format/jpg,1,1703311322252,0
653747cd000000002201c6ce,1698121677000,æ±Ÿè‹,652e9d18000000002301b8dc,åªæƒ³è¯´ç¦æ­¢åŸå¸‚å…»çŠ¬ï¼Œæ–‡æ˜çš„å°‘æ•°ï¼Œè¿˜å­˜åœ¨å®‰å…¨éšæ‚£,5da48cd6000000000100aa70,æœ‰å‡ºç»“æœæ‰ä¼šå¼€å¿ƒ,https://sns-avatar-qc.xhscdn.com/avatar/6380c5f54afbff356db001af.jpg?imageView2/2/w/120/format/jpg,0,1703311322254,1
6536803e000000001c02b24d,1698070590000,å¤©æ´¥,652e9d18000000002301b8dc,ä¸ºä»€ä¹ˆæŠŠå¦ˆå¦ˆçš„è¡¨æƒ…ç”»çš„å¦‚æ­¤å¼€å¿ƒã€‚ã€‚,5b79a1792ce8120001a2c076,ç”»ç”»çš„baby,https://sns-avatar-qc.xhscdn.com/avatar/1040g2jo30qjj1tpf086g4ago9sgnjg3mfp67cqg?imageView2/2/w/120/format/jpg,0,1703311322256,2
65366c42000000001c03c24a,1698065474000,å¤©æ´¥,652e9d18000000002301b8dc,æˆ‘çœ‹åˆ°çš„ä¸€ä¸ªå¤§å“¥åˆ†æçš„ï¼Œåˆ†æçš„ç›¸å½“æ˜ç™½1:æ‹’ç»ç‹—ä¸»äººçš„èµ”å¿ï¼Œä¹Ÿå°±æ˜¯æ–­æ‰ç‹—ä¸»äººé€šè¿‡æ°‘äº‹èµ”å¿è¾¾æˆè°…è§£å‡å°é‡åˆ‘æ ‡å‡†ã€‚ä»–ä»¬å°±ç«‹ä½äº†ä¸ä¸ºé‡‘é’±æŠ˜è…°ä¹Ÿè¦è®©ç‹—ä¸»äººä»˜å‡ºå·¨å¤§ä»£ä»·çš„é«˜èµ·ç‚¹äººè®¾ã€‚2: åˆ©ç”¨æœ¬å°±ç”±æ¥å·²ä¹…çš„äººç‹—çŸ›ç›¾è¿™ä¸ªé«˜çƒ­ç‚¹è¯é¢˜ï¼Œç«™åœ¨é“å¾·åˆ¶é«˜ç‚¹ï¼Œèµ·è¯‰æŠ¨å‡»ä»–ä»¬çš„çˆ±ç‹—äººå£«ã€‚3:å¹³å°å¯è¿½æº¯çš„ç­¹æ¬¾å°±æœ‰200ä¸‡ï¼Œä¸ç®¡æ˜¯ä¸æ˜¯å…³é—­äº†ææ¬¾æ¸ é“ï¼Œè¿˜ä¸ç®—å¹³å°ä¹‹å¤–çš„ææ¬¾ï¼Œè‚¯å®šæ˜¯å¤§äº200ä¸‡è¿™ä¸ªæ•°é¢ã€‚è€Œä¸”å°±æŒ‰æ³•å¾‹æ¥è¯´ï¼Œåæ­£ç‹—ä¸»äººåç»­èµ”å¿ä¸€å®šæ˜¯ä¼šè¦†ç›–æ²»ç–—è´¹ä»¥åçš„æŠ¤ç†è´¹ã€‚ç­¹æ¬¾é’±å› ä¸ºçˆ†ç‚¹è¯é¢˜åº”è¯¥è¿˜æœ‰åç»­å·¨å¤§çš„å¢é‡ï¼Œä¸”ä¸é€šè¿‡å¹³å°å®æ‰“å®çš„è¿›å…¥å£è¢‹ã€‚ä¸ªäººæ„Ÿè§‰è¿™æ¬¡èˆ†è®ºçˆ†ç‚¹éå¸¸ä¹‹é«˜ï¼Œæ›´åŠ å‡¸æ˜¾èƒŒåèˆ†è®ºæ‰‹æ®µæ¯”èµ·æ—ç”Ÿæ–Œäº‹ä»¶æ›´åŠ è€ç»ƒï¼Œåº”è¯¥æ˜¯æœ‰,61dd2d280000000010007ba7,é­ˆå®è®©éº»éº»äº²äº²,https://sns-avatar-qc.xhscdn.com/avatar/61dd2d280000000010007ba7.jpg?imageView2/2/w/120/format/jpg,0,1703311322259,2
653611000000000025017100,1698042112000,,652e9d18000000002301b8dc,ä¸»äººæ²¡ç®¡å¥½ç‹—,608bfe170000000001007471,æŸš.ğŸˆğŸ€ï¼ˆé‡æ–°å¼€å§‹ï¼‰,https://sns-avatar-qc.xhscdn.com/avatar/1040g2jo30pvgpm9kn46g5o4bvobg8t3hnkibu2o?imageView2/2/w/120/format/jpg,0,1703311322262,0
6535ed920000000025022c08,1698033042000,åŒ—äº¬,652e9d18000000002301b8dc,å› ä¸ºå’¬çš„ä¸æ˜¯çˆ±ç‹—äººå£«çš„å­©å­[å¾®ç¬‘R],626207ad000000001000c677,å¾®è§‚ä¸–ç•Œæ¢ç´¢è€…YIEN,https://sns-avatar-qc.xhscdn.com/avatar/63edb432205a418832fdd9c4.jpg?imageView2/2/w/120/format/jpg,2,1703311322264,2
6532586a00000000200238d7,1697798250000,ä¸Šæµ·,652e9d18000000002301b8dc,è¿™äº›æ‰“ç‹—æŠ€å·§å¯¹æˆ‘ä»¬å¦‡å¥³å„¿ç«¥æ¥è¯´å‡ ä¹æ— æ³•æ“ä½œ[ç¬‘å“­R],601ffcdf0000000001000568,U.U,https://sns-avatar-qc.xhscdn.com/avatar/649657e6d064c7cfbaeed280.jpg?imageView2/2/w/120/format/jpg,0,1703311322266,0
653252e2000000001b03343f,1697796834000,å››å·,652e9d18000000002301b8dc,é¢,5c6e074d0000000010039137,kinkinkritğŸ§ï¼ˆè§è¿‡bkppç‰ˆï¼‰,https://sns-avatar-qc.xhscdn.com/avatar/1040g2jo30so5klgu3s005n3e0t6k749nqf9moo0?imageView2/2/w/120/format/jpg,0,1703311322270,0
6531eefa0000000020001d5b,1697771258000,,652e9d18000000002301b8dc,å’¬äººçš„ç‹—ä¸èƒ½å†æ”¾å‡ºæ¥æˆ–è€…å¤„ç†æ‰ï¼Œå…»ç‹—çš„äººä¹Ÿè¦ä¸¥æƒ©ã€‚ä¼¤åˆ°äººå°±æ˜¯ä¸å¯¹ã€‚,5c0b6c150000000006017487,å°é›¨,https://sns-avatar-qc.xhscdn.com/avatar/5c0b6c150000000006017487.jpg?imageView2/2/w/120/format/jpg,0,1703311322272,1
6531e2e800000000200171c2,1697768168000,å±±ä¸œ,652e9d18000000002301b8dc,@ç››å¼€çš„ç¦å°”é©¬æ— ,5650527f62a60c20286c65d1,æ— æ•ˆå­—ç¬¦,https://sns-avatar-qc.xhscdn.com/avatar/63e6f313e854854f92631458.jpg?imageView2/2/w/120/format/jpg,0,1703311322276,0
653170c5000000001b032fd5,1697738950000,é™•è¥¿,652e9d18000000002301b8dc,è¯¥è¯„è®ºå·²ä¸¢å¤±,5abf10f2e8ac2b618510d65b,å››åªå°ç‹®å­çš„é¥²å…»å‘˜,https://sns-avatar-qc.xhscdn.com/avatar/657a82a25a7b686036a7edfb.jpg?imageView2/2/w/120/format/jpg,0,1703311322281,6
6530ac9c000000001903b161,1697688732000,å¹¿ä¸œ,652e9d18000000002301b8dc,å›¾ä¸€[æ±—é¢œR],64f1376500000000020116a3,å°çº¢è–¯jv9413168,https://sns-avatar-qc.xhscdn.com/avatar/645b802c0f5b598e07f39dc7.jpg?imageView2/2/w/120/format/jpg,0,1703311322286,0
652fdaed000000001d00023c,1697635053000,å››å·,652e9d18000000002301b8dc,å¦‚æœæˆ‘çš„å­©å­è¢«åˆ«äººå®¶å…»çš„ç‹—å’¬ä¼¤ï¼Œæˆ‘è‚¯å®šå…ˆæŠŠé‚£æ¡ç‹—å‰æˆè‚‰é…±,64102f09000000000f0138c2,å°çº¢è–¯6410AFCC,https://sns-avatar-qc.xhscdn.com/avatar/6411c73a4af46499569e92f4.jpg?imageView2/2/w/120/format/jpg,0,1703311322290,4
652fc3e3000000001d0058ea,1697629155000,,652e9d18000000002301b8dc,ä»å°æ€•ç‹—ï¼Œæˆ‘ç°åœ¨35å²ï¼Œè¢«é‚»å±…å®¶çš„å°æ³°è¿ªè¿½ç€è·‘å“å“­[å¤±æœ›R],5be41ecb1bed8c0001a724a1,è‘›æ ¼ä¹å ¡,https://sns-avatar-qc.xhscdn.com/avatar/53ba1722242c3e9344db7b0fc2e1005f.jpg?imageView2/2/w/120/format/jpg,0,1703311322293,1
652f83c3000000002100ebaa,1697612739000,åŒ—äº¬,652e9d18000000002301b8dc,å¤©å‘ çœ‹ç€å¿ƒéƒ½æªèµ·æ¥äº† æˆ‘å¥³å„¿ä¹Ÿä¸¤å²  æœ‰æ²¡æœ‰çŸ¥é“ç­¹æ¬¾é“¾æ¥çš„ è®©è¿™ä¸ªå®å®å¿«ç‚¹å¥½èµ·æ¥,5b3f3de211be1014afbc1085,songxi_PI,https://sns-avatar-qc.xhscdn.com/avatar/6582fdf28548425d6edb3c20.jpg?imageView2/2/w/120/format/jpg,0,1703311322295,1
652f81da00000000200386f8,1697612250000,å¹¿ä¸œ,652e9d18000000002301b8dc,æˆ‘ä»¬å®¶ä¹Ÿæœ‰ç‹—ï¼Œä½†æ˜¯æ¯æ¬¡å‡ºé—¨çœ‹åˆ°å¾ˆå¤šäººé›ç‹—ä¸ç”¨ç»³å­è¿˜ç†ç›´æ°”å£®ï¼ŒçœŸçš„ç‰¹åˆ«æ°”æ„¤,5cec995a000000001602f875,å­è±,https://sns-avatar-qc.xhscdn.com/avatar/6458aeb31300c5cf9d39e5d7.jpg?imageView2/2/w/120/format/jpg,0,1703311322297,1
652f198e0000000020026e27,1697585550000,åŒ—äº¬,652e9d18000000002301b8dc,æ³•æ²»ç¤¾ä¼šè€»è¾±ï¼Œå†ä¸ä¸¥æ ¼æ‰§è¡Œæ³•å¾‹ï¼Œé€šé€šæ’¤èŒ,62ce1f5b0000000002001fee,Lucky D,https://sns-avatar-qc.xhscdn.com/avatar/62ce1f5b0000000002001fee.jpg?imageView2/2/w/120/format/jpg,0,1703311322301,3
65373c29000000002402e5a6,1698118697000,å±±ä¸œ,652e9d18000000002301b8dc,åƒç‹—è¡€é¦’å¤´å“¦  ä¸ºä»€ä¹ˆä¸å’¬å…¶ä»–å®¶å­©å­ æˆ‘åªèƒ½è¯´äººåœ¨åšå¤©åœ¨çœ‹,62c127ec000000001b028c5d,Emily,https://sns-avatar-qc.xhscdn.com/avatar/1040g2jo30qh1lfc6nu005om14vm6t32t4ifdes8?imageView2/2/w/120/format/jpg,0,1703311322308,4
652ff8c6000000002003988b,1697642694000,å¹¿è¥¿,652e9d18000000002301b8dc,æ²¡å›¾æ²¡çœŸç›¸ï¼Œæ”¾å¼ æ¼«ç”»å°±æƒ³åšå–æµé‡,6354f9d6000000001802db28,å°çº¢è–¯63561E70,https://sns-avatar-qc.xhscdn.com/avatar/2b4cefbb01e0a0824f5c173dde7f98b2.jpg?imageView2/2/w/120/format/jpg,6,1703311322311,4
652f83f4000000001d03a756,1697612788000,æµ™æ±Ÿ,652e9d18000000002301b8dc,çœ‹äº†è§†é¢‘ï¼ŒçœŸçš„å¤ªå¯æ€œäº†å°å®è´ã€‚çœŸæƒ³ä¸€ä¸‹å­æŠŠç‹—æ‰“æ­»ï¼Œæ­»ä¸€ç™¾æ¬¡,61bfecec0000000010008237,æœ‰ç‚¹ç”œ,https://sns-avatar-qc.xhscdn.com/avatar/623a801e72f98347d9606e04.jpg?imageView2/2/w/120/format/jpg,4,1703311322313,7
65350fa90000000025017277,1697976234000,æ²³å—,652fe2cb000000001e02df25,ç¥ä¼¼æŸä½æ˜æ˜Ÿ[ç¬‘å“­R],64df83a000000000010137ad,Stars,https://sns-avatar-qc.xhscdn.com/avatar/1040g2jo30ol2v4bdi46g5p6vgeg0adtduj8hccg?imageView2/2/w/120/format/jpg,0,1703311369058,2
6573d5e00000000014015792,1702090208000,å¹¿ä¸œ,652fe2cb000000001e02df25,è¿˜æœ‰é‚£ä¸ªä»€ä¹ˆæ¾,6117298c00000000200292fd,å°å›°ç¥.,https://sns-avatar-qc.xhscdn.com/avatar/1040g2jo30so4us6j46605o8n566854ntvudn6s0?imageView2/2/w/120/format/jpg,0,1703311369060,0
65375805000000001c03c9fc,1698125829000,,652fe2cb000000001e02df25,åæ¡ç‹—ï¼Œæœ‰ä¸ƒæ¡æˆ‘è§è¿‡ï¼Œæœ‰å››æ¡æˆ‘æ‘¸è¿‡ã€‚[ç¬‘å“­R],62a82181000000001b026278,Huskyä¼Š,https://sns-avatar-qc.xhscdn.com/avatar/62a82203a039dfda9b65d38c.jpg?imageView2/2/w/120/format/jpg,0,1703311369063,0
653473730000000025014f6b,1697936243000,é‡åº†,652fe2cb000000001e02df25,[æ°›å›´æ„ŸR][æ°›å›´æ„ŸR][æ°›å›´æ„ŸR][æ°›å›´æ„ŸR][æ°›å›´æ„ŸR][æ°›å›´æ„ŸR][èµR][é›†ç¾R][çº¢è‰²å¿ƒå½¢R][é»„è‰²å¿ƒå½¢R][ç»¿è‰²å¿ƒå½¢R][è“è‰²å¿ƒå½¢R][ç´«è‰²å¿ƒå½¢R],5c6c06c80000000012011fa1,èƒ¡å°å¨‡,https://sns-avatar-qc.xhscdn.com/avatar/5c6c06c80000000012011fa1.jpg?imageView2/2/w/120/format/jpg,0,1703311369066,0
652f8d80000000001c03c32f,1697615232000,å¤©æ´¥,652f361f000000001c014c0f,ç½‘ä¸Šæœ‰é‚£ç§é©±èµ¶ç‹—çš„è¶…å£°æ³¢ç”µå­äº§å“ï¼Œå¯ä»¥ä¹°ä¸€ä¸ª,5afdaa26e8ac2b306341261a,å‡çº§æ‰“æ€ª,https://sns-avatar-qc.xhscdn.com/avatar/640752a68d4f36b74654bec4.jpg?imageView2/2/w/120/format/jpg,5,1703311369071,0
652f4860000000002000db9b,1697597536000,æ±Ÿè‹,652f361f000000001c014c0f,å§å¦¹ä½ è¿™ä¸ªç–¤å¥½ææ€–è¿˜åœ¨è„‰æè¿™é‡Œå¿ƒç–¼,58b259d582ec394d8f1006ff,é²§é²§great,https://sns-avatar-qc.xhscdn.com/avatar/5e0f2ffb9a02a8000189adde.jpg?imageView2/2/w/120/format/jpg,4,1703311369073,0
652f56bf000000001d038fd7,1697601215000,å±±ä¸œ,652f361f000000001c014c0f,å’¬ä¸å’¬äººç‹—å‡ºé—¨éƒ½åº”è¯¥ç‰µç»³ï¼Œä¸è¿‡æˆ‘å®¶ç‹—æ˜¯çœŸçš„ä¸å’¬äºº[ç¬‘å“­R][ç¬‘å“­R],5ad6ab744eacab402f7be59d,Sissi_lxr,https://sns-avatar-qc.xhscdn.com/avatar/62f5d37d9bbdc6cb5105fb4a.jpg?imageView2/2/w/120/format/jpg,1,1703311369075,1
652f6ef7000000001b03e280,1697607415000,å†…è’™å¤,652f361f000000001c014c0f,ç°åœ¨å‡ºé—¨å°åŒºè¿˜æœ‰é›ç‹—ä¸æ “ç»³çš„ï¼Œç‰¹åˆ«æ˜¯æ™šä¸Šï¼Œå¥½å¤šäººå‡ºæ¥æºœå¤§ç‹—,5c8f3856000000001103a929,å¯å¯,https://sns-avatar-qc.xhscdn.com/avatar/411309441983cdc4ce073ff8da73b5b6.jpg?imageView2/2/w/120/format/jpg,0,1703311369079,0
652f6a03000000001b03cdd6,1697606147000,åŒ—äº¬,652f361f000000001c014c0f,å¸Œæœ›ç›¸å…³åŠ å¤§ç›¸å…³æ³•å¾‹ï¼ï¼ï¼ï¼,5f2812f4000000000100369a,å…¨é¢æŠ—æ—¥,https://sns-avatar-qc.xhscdn.com/avatar/650694c74d3ae99b6ce69ece.jpg?imageView2/2/w/120/format/jpg,0,1703311369082,0
654210ab00000000250167f2,1698828459000,åŒ—äº¬,6541f383000000001e02f20c,å¤ªå¥½äº†[èµR],5e97e8f50000000001007e00,è¥¿ç›´é—¨é•¿å…¬ä¸»æå¤§ä¸«,https://sns-avatar-qc.xhscdn.com/avatar/63fb91dfc2da9f94112bdee9.jpg?imageView2/2/w/120/format/jpg,0,1703311369086,0
65420030000000002100b4a6,1698824240000,å››å·,6541f383000000001e02f20c,ä¸‡å¹¸,62cc27eb000000000e00d9a4,å¸¦ä½ å»åƒå¥½åƒçš„,https://sns-avatar-qc.xhscdn.com/avatar/64183d8caab651ae65a5127c.jpg?imageView2/2/w/120/format/jpg,0,1703311369089,0
6541fe6300000000200279ee,1698823779000,å››å·,6541f383000000001e02f20c,å¤ªå¥½äº†,5c35a41f0000000005005171,Jommy,https://sns-avatar-qc.xhscdn.com/avatar/1040g2jo30r0d0sm01g005n1lkgfh8kbh3vmiku8?imageView2/2/w/120/format/jpg,0,1703311369091,0
6541f94300000000040392ef,1698822467000,,6541f383000000001e02f20c,[åˆåR][åˆåR][åˆåR][åˆåR][åˆåR][åˆåR][ç«ç‘°R][ç«ç‘°R][ç«ç‘°R][ç«ç‘°R],5d1a349000000000160064a6,æˆ‘å¿ƒå¦‚å¿,https://sns-avatar-qc.xhscdn.com/avatar/5d1a349000000000160064a6.jpg?imageView2/2/w/120/format/jpg,0,1703311369094,1
654674fd000000001d002425,1699116285000,å¹¿è¥¿,6539dfc1000000001f03cd26,è¯·é—®è¿™ä¸ªæ˜¯å“ªä¸€ä¸ªèˆ†æƒ…åˆ†æå¹³å°å‘€[å“­æƒ¹R],61cc5d7c0000000010004747,å°‘æ¥çƒ¦å§å“ˆ,https://sns-avatar-qc.xhscdn.com/avatar/62568a18bed126b0ed7dc930.jpg?imageView2/2/w/120/format/jpg,0,1703311369117,0
652fa957000000001d004bde,1697622359000,å››å·,652fa666000000001f036986,äººç±»å”¯æœ‰ä¿æŒå¯¹ç”Ÿå‘½çš„æ•¬ç•ï¼Œæ‰èƒ½ä¿æŒä¸åŠ¨ç‰©çš„å’Œè°å…±å¤„ğŸ™,5ded19c50000000001007011,æˆéƒ½å®‰å©´ä¹é™ªæœˆå«‚æœåŠ¡,https://sns-avatar-qc.xhscdn.com/avatar/650a90b751244300016e4534.jpg?imageView2/2/w/120/format/jpg,0,1703311369220,0
6530f481000000002101323a,1697707137000,åŒ—äº¬,6530eec7000000001e00e698,æ€ä¹ˆæ²¡è¯´é‚£ä¸ªå°å­©å¹²å•¥äº†ï¼Ÿ,5e6c8cb200000000010090fb,å“†å•¦aæ¢¦,https://sns-avatar-qc.xhscdn.com/avatar/1040g2jo30pu5nmk56u6g5njchip0947rbppf7eg?imageView2/2/w/120/format/jpg,8,1703311370343,0
6530f4a8000000001c03db57,1697707176000,å¹¿ä¸œ,6530eec7000000001e00e698,åº”è¯¥ï¼å…¶å®æˆ‘è§‰å¾—ä¼¤äººæ‰åˆ‘äº‹å°±å¤ªè¿Ÿäº†ã€‚ä¸æ–‡æ˜å…»ç‹—ï¼Œè‡³å°‘ä¸æ “ç»³å’Œé—å¼ƒç‹—éƒ½åº”è¯¥è¿½ç©¶åˆ‘äº‹è´£ä»»ï¼Œè¿™ç§è¡Œä¸ºå±äºå±å®³å…¬å…±å®‰å…¨ç½ªã€‚,59d5e0a344363b6005a0c1e5,è‚¥è•‰è•‰,https://sns-avatar-qc.xhscdn.com/avatar/59d5e0a344363b6005a0c1e5.jpg?imageView2/2/w/120/format/jpg,5,1703311370346,2
6530eeec000000002001c254,1697705708000,å¹¿ä¸œ,6530eec7000000001e00e698,ä»¥ä¸Šä¸ºä¸ªäººè§‚ç‚¹ï¼Œæ¬¢è¿å¤§å®¶åœ¨è¯„è®ºåŒºå‘è¡¨ä¸ªäººæ„è§ã€‚,5f61b46100000000010081e3,æ·±åœ³åˆ‘è¾©å¾‹å¸ˆ,https://sns-avatar-qc.xhscdn.com/avatar/6503cbf094f75e52fe7254d2.jpg?imageView2/2/w/120/format/jpg,0,1703311370348,1
6530f48d0000000021007575,1697707150000,åŒ—äº¬,6530eec7000000001e00e698,è¯¥è¯„è®ºå·²ä¸¢å¤±,5e6c8cb200000000010090fb,å“†å•¦aæ¢¦,https://sns-avatar-qc.xhscdn.com/avatar/1040g2jo30pu5nmk56u6g5njchip0947rbppf7eg?imageView2/2/w/120/format/jpg,2,1703311370352,0
65310094000000002100caac,1697710228000,åŒ—äº¬,6530eec7000000001e00e698,æˆ‘è§‰å¾—ä¸æ “ç»³é›ç‹—åº”è¯¥ç½šæ¬¾ï¼Œç„¶åä¼¤å®³äººï¼Œè¦çœ‹æƒ…èŠ‚è½»é‡é‡åˆ‘ï¼Œå¦‚æœæ˜¯æ„å¤– æ¯”å¦‚ç©é—¹ä¸­æŒ‡ç”²åˆ’ä¸€ä¸‹è¿è¡€ä¹Ÿæ²¡å‡ºé‚£ç§ å¤§å¯ä¸å¿…ç›´æ¥æ‰“æ­»ã€‚è™ç‹—æ€ç‹—çš„ä¹Ÿåº”è¯¥åŒæ—¶æœ‰æƒ©ç½šã€‚,5982f34f50c4b447cc466974,Jennifer,https://sns-avatar-qc.xhscdn.com/avatar/5982f34f50c4b447cc466974.jpg?imageView2/2/w/120/format/jpg,1,1703311370357,0
6550b85b000000001b03f77d,1699788891000,æµ™æ±Ÿ,6530eec7000000001e00e698,å¿…é¡»åˆ¤åˆ‘ï¼Œè¿˜è¦é‡åˆ¤ã€‚é†‰é©¾å…¥åˆ‘ä¸ç„¶éš¾ä»¥ç†è§£ï¼Œç©ºä¸­æŠ›ç‰©ä¹Ÿä¸€æ ·,642969cb0000000011022372,èŠ±å²—å²©,https://sns-avatar-qc.xhscdn.com/avatar/644b01d0d565df2506e66fbc.jpg?imageView2/2/w/120/format/jpg,0,1703311370360,0
653139ec0000000020024034,1697724908000,å››å·,6530eec7000000001e00e698,"éƒ¨åˆ†ç‹—çš„è´£ä»»éœ€è¦æ‰€æœ‰ç‹—æ¥æ‰¿æ‹…ï¼Œé‚£ä¹ˆä¸–ç•Œé‚£ä¹ˆå¤šçƒ‚äººï¼Œå…¨äººç±»éƒ½è¯¥ç´«ç ‚[åèˆŒå¤´H]350wçš„äººè¡€é¦’å¤´,æ¶µæ¶µå¦ˆè¶…çº§çˆ±åƒğŸ˜‹350wï¼Œç»ˆäºå¯ä»¥å¼€è±ªè½¦ä¹°è±ªå®…ç”ŸäºŒèƒå’¯ğŸ˜‹ç›²çŒœæ¶µæ¶µä¸€å®¶è¦æ˜¯å¿ƒé‡Œæ‰¿å—èƒ½åŠ›ä¸å¥½ï¼Œæœ€åå°±å‡è£…å–„è‰¯è¯´ä¼šæŠŠå‰©ä¸‹çš„ğŸ’°æå‡ºå»ï¼Œè¦æ˜¯æ‰¿å—èƒ½åŠ›å¼ºå°±ç›´æ¥ä¹°è±ªè½¦è±ªå®…[åèˆŒå¤´H]350w,ç½‘å‹ä»¬ä¸€åˆ†åˆ†ä¸åˆ°è¿˜åœ¨å¯æ€œæ‹¿äº†æ¨ªè´¢çš„æ¶µæ¶µä¸€å®¶[å®³ç¾R]é‚£äº›äººåªä¸è¿‡æ˜¯å€Ÿç€è¿™æ¬¡â€œæœºä¼šâ€æŠŠè‡ªå·±å†…å¿ƒçš„é˜´æš—é¢å±•ç¤ºå‡ºæ¥ç½¢äº†ã€‚è¿™æ¬¡ä»–ä»¬â€œå…‰æ˜æ­£å¤§â€å»è™å¾…ï¼Œè¿™æ¬¡è™çŒ«è™ç‹—ï¼Œä¸‹æ¬¡å°±æ˜¯ç½‘å‹ä»¬è‡ªå·±å®¶çš„å°å­©å—å®³å’¯[åèˆŒå¤´H]",60e69d2e000000000101f294,momo,https://sns-avatar-qc.xhscdn.com/avatar/1000g2jo2fule6g0i80605o76jkn0bskkr7rq9kg?imageView2/2/w/120/format/jpg,0,1703311370364,0
6530fec2000000002501691f,1697709762000,åŒ—äº¬,6530eec7000000001e00e698,ç°åœ¨ä¸¥é‡æ€€ç–‘ç½—å¨çº³çš„ä¸»äººå¹³æ—¶ç”¨æµæµªçŒ«è®­ç»ƒæ¶çŠ¬æ”»å‡»äººæˆ–å…¶ä»–åŠ¨ç‰©ï¼ä¹Ÿæ˜¯è™å¾…åŠ¨ç‰©çš„åƒåœ¾ï¼è¿™å›æ”»å‡»åˆ°å­©å­äº†ï¼è¿˜æ˜¯åº”è¯¥ä¸¥æƒ©è™å¾…åŠ¨ç‰©çš„äººï¼æˆ‘æ—©è¯´è¿‡å†ä¸ç«‹æ³•å˜æ€è¶Šæ¥è¶Šå¤šï¼æ—©æ™šæ®ƒåŠæ¯ä¸ªäººï¼ç°åœ¨å°±æ˜¯ä¾‹å­ï¼è¿™äº›è™æ€å˜æ€æ ¹æœ¬ä¸å…³å¿ƒå°å¥³å­©ï¼è¿™å°±æ˜¯ä»–ä»¬é€ çš„å­½ä»–ä»¬æ‰æ˜¯ç½ªé­ç¥¸é¦–ï¼ç°åœ¨æ‰‘æ€å…¶ä»–åŠ¨ç‰©æ–¹å‘éƒ½æé”™äº†ï¼çœŸæ˜¯å¥‡è‘©[å¼±R],5a056f60db2e60500af6d450,å¦®å¦®ä¸å¬è¯,https://sns-avatar-qc.xhscdn.com/avatar/1040g2jo30r63hp4l1g0049vc43nm1l2gem4eh8g?imageView2/2/w/120/format/jpg,0,1703311370367,0
6322e9940000000026010cfb,1663232404000,å››å·,6322e8b9000000001200d855,è¿™ä¸ªå¤§å‹çŠ¬ä»€ä¹ˆå“ç§ï¼Œæ˜¯çƒˆçŠ¬å—è¿™ä¹ˆå‡¶[æ‰¶å¢™R],61d7d31d00000000100043cf,äº‘ä»å±±é‡Œæ¥,https://sns-avatar-qc.xhscdn.com/avatar/63f4199ee641d094088b4113.jpg?imageView2/2/w/120/format/jpg,2,1703311370539,0
65387795000000001900be94,1698199445000,å››å·,6537861b00000000250238f9,å°å¥³å­©å®¶ä¸€åˆ†é’±è¿˜æ²¡èŠ±å™¢ï¼Œåè¥¿é¢„ç¼´è´¹çš„22ä¸‡ï¼Œä¹Ÿæ˜¯ç‰©ä¸šã€å°åŒºå…¶ä»–å±…æ°‘ã€ç¤¾åŒºé‚£äº›äº¤çš„ã€‚ä½•å†µç‹—ä¸»äººè¿˜æ²¡èµ”æ¬¾ï¼Œç›´æ¥é€€äº†å§200ä¸‡ï¼Œä¸ç”¨ç­‰èŠ±ä¸å®Œå†é€€ã€‚,5d8ab6fc0000000001004e21,ä¹”å·´é…±,https://sns-avatar-qc.xhscdn.com/avatar/1040g2jo30s37sqvgiq005ncamru08jh1n1q2qvg?imageView2/2/w/120/format/jpg,4,1703311370650,23
65390d8c000000002000f0b2,1698237837000,å±±ä¸œ,6537861b00000000250238f9,æ¶µæ¶µå¦ˆå·²å‘å…¬å‘Šè¯´è¦å…¨é¢åŸè·¯é€€æ¬¾äº†,5ba5b231f6ed5c000133afa3,çŒ«å¿å¿ğŸ’ï¼ˆè£…ä¿®ä¸­ï¼‰,https://sns-avatar-qc.xhscdn.com/avatar/5ba5b27d5f616f000154648a.jpg?imageView2/2/w/120/format/jpg,11,1703311370655,1
6537999a000000001d002c48,1698142618000,è´µå·,6537861b00000000250238f9,è¿™èµ·äº‹ä»¶æ˜¯æœ‰æ˜ç¡®çš„è´£ä»»æ–¹ï¼ŒåŒ»è¯è´¹æ ¹æœ¬ä¸ç”¨å‡‘æ¬¾ã€‚,5b4519994eacab52eeb9816d,å²æœˆä½œä¼´,https://sns-avatar-qc.xhscdn.com/avatar/1000g2jo2qoe9nsqji0004a71hucpj0bda61fbbo?imageView2/2/w/120/format/jpg,4,1703311370658,14
6537aa2b000000002001ffdf,1698146859000,æ¹–å—,6537861b00000000250238f9,æ”¿åºœè¦å‡ºæ¥ç›‘ç®¡ä¸ç„¶çœŸè®©äººå¯’å¿ƒ,63bba62e0000000026012a4c,momo,https://sns-avatar-qc.xhscdn.com/avatar/2b4cefbb01e0a0824f5c173dde7f98b2.jpg?imageView2/2/w/120/format/jpg,1,1703311370661,15
653a0805000000002501407d,1698301957000,æµ™æ±Ÿ,6537861b00000000250238f9,å¯æ˜¯é‚£äº›è¢«å…¨å›½æ•æ€å± æ€çš„æµæµªçŒ«ç‹—æ‰¾è°æƒ¹è°äº†ï¼Ÿåœ°çƒä¸åªæ˜¯äººç±»çš„ï¼Œäººç±»å é¢†äº†åœŸåœ°ï¼Œæ–©è‰é™¤æ ¹ä¸€ä¸ªå°åŠ¨ç‰©éƒ½è¦tuleâ€¦â€¦è°æ¥è¿˜ä»–ä»¬é“ç†è¿˜ä»–ä»¬çš„ç”Ÿå‘½ï¼,5a1188f011be106d1f3aa48c,SunflowerğŸŒ¼ğŸŒ¸ğŸ‰ğŸ“,https://sns-avatar-qc.xhscdn.com/avatar/5e8b36ec72946e0001b41e76.jpg?imageView2/2/w/120/format/jpg,1,1703311370664,4
653789e8000000001c03e705,1698138600000,æ±Ÿè‹,6537861b00000000250238f9,ä½ ä»¬è¦æ˜¯å®åœ¨çˆ±æµæµªç‹—å°±å»å¤§è¡—ä¸ŠæŠŠæµæµªç‹—éƒ½é¢†å›å®¶ï¼Œè¿™æ ·æ—¢ä¸ä¼šè®©ç‹—è¢«æ‰“æ­»ï¼Œä¹Ÿè®©ä»–ä»¬å…é­è¢«è™å¾…ï¼Œä¸ºä»€ä¹ˆå…‰å…‰ç½‘æš´å—å®³çš„å°å¥³å­©è€Œä¸æ˜¯å»æŠŠç‹—éƒ½å¸¦å›å»å‘¢ï¼Ÿ,5f2c0c6c00000000010089af,å²š,https://sns-avatar-qc.xhscdn.com/avatar/63eb401f9f15118c02d42fdd.jpg?imageView2/2/w/120/format/jpg,6,1703311370666,4
65378997000000001c0287c4,1698138519000,æ±Ÿè‹,6537861b00000000250238f9,æˆ‘å¾ˆæƒ³é—®çˆ±çŠ¬äººå£«ä¸€ä¸ªé—®é¢˜ï¼Œä½ ä»¬è§‰å¾—å¦‚æœä¸€ä¸ªé‚£ä¸ªå°å¥³å­©å’Œå¥¹çš„å®¶äººä¸€ç”Ÿéƒ½è¢«æ¯æ‰ï¼Œå¯ä»¥è®©ä½ ä»¬æ‰€é’Ÿçˆ±çš„æµæµªç‹—ä»¬æ´»è¿‡æ¥å—ï¼Ÿ,5f2c0c6c00000000010089af,å²š,https://sns-avatar-qc.xhscdn.com/avatar/63eb401f9f15118c02d42fdd.jpg?imageView2/2/w/120/format/jpg,46,1703311370670,0
652f1535000000001c015933,1697584437000,é™•è¥¿,652e8f56000000001e032daa,æ£å­çœ‹ç€å¥½ç»†ï¼Œæœ‰ç”¨å—,5eb9c87d00000000010011a2,è½»èˆé£æ‰¬,https://sns-avatar-qc.xhscdn.com/avatar/5eb9c87d00000000010011a2.jpg?imageView2/2/w/120/format/jpg,5,1703311371059,1
652f1d0d000000001a0209ea,1697586445000,å±±è¥¿,652e8f56000000001e032daa,æˆ‘ä¹°äº†ç”©æ£ï¼Œå¦å¤–è¿˜æœ‰é˜²èº«åˆ€ï¼Œè™æŒ‡ã€‚æ¨èä½ å¸¦ä¸ªé˜²é£æ‰“ç«æœºï¼Œçªå‘æƒ…å†µçƒ§é¼»å­æˆ–è€…è›‹è›‹ï¼Œèƒ½åŠ›é©¬æ¾å£ã€‚ç„¶åæˆ‘ä¹Ÿå»ä¸‹å•ä½ çš„è¾£æ¤’æ°´[å·ç¬‘R]ï¼Œæˆ–è€…éšèº«å¸¦ç“¶ddå¨[å“­æƒ¹R],57c12c086a6a6952cdf11b74,å°çº¢è–¯652D34EA,https://sns-avatar-qc.xhscdn.com/avatar/645b6b2504c28aa15eab1dac.jpg?imageView2/2/w/120/format/jpg,3,1703311371062,0
6532aba3000000002001f3f3,1697819555000,å››å·,652e8f56000000001e032daa,æˆ‘éƒ½æ‰“è¿‡èœåˆ€,56f742b3aed7583bcc7f500e,å–œä½ è€Œå·²,https://sns-avatar-qc.xhscdn.com/avatar/656095e01dba4343b62230f4.jpg?imageView2/2/w/120/format/jpg,0,1703311371064,0
652e9ce9000000001c017d8e,1697553641000,è¾½å®,652e8f56000000001e032daa,æˆ‘å‡†å¤‡ç›´æ¥å¸¦æ¦”å¤´,594a575682ec390423c75472,White_Night,https://sns-avatar-qc.xhscdn.com/avatar/1040g2jo30s922ljfis0049kjs3blcl3iihmmrn0?imageView2/2/w/120/format/jpg,1,1703311371067,1
65300e88000000002402cd3f,1697648264000,ç¦å»º,652ffc7b000000001f03bd70,æ˜çŸ¥æ€•ï¼Œè¿˜æ‰“ç ´åŸåˆ™ï¼Œå°±è¦è¾ƒåŠ²ç§äººé¥²å…»ï¼Œæœ€ç»ˆç‹—å­å¯æ€œ,5c8f943d000000001000a66a,è¯·å…ˆè¯´ä½ å¥½ã€‚,https://sns-avatar-qc.xhscdn.com/avatar/6169ecb9147338f791008b6c.jpg?imageView2/2/w/120/format/jpg,1,1703311371390,21
6550b89d000000000f028806,1699788957000,æµ™æ±Ÿ,652ffc7b000000001f03bd70,æˆ‘è·Ÿä½ ä»¬è®² æˆ‘åˆšåˆšå‡ºé—¨æºœå¨ƒå›æ¥è·¯ä¸Š å°±é‡åˆ°ä¸€ä¸ªç˜¦ç˜¦é«˜é«˜çš„ç”·çš„é›2åªçŠ¬ ä¸€åªæ˜¯ç»†ç‹—ä¸€åªæ˜¯è·Ÿå›¾ç‰‡ä¸Š3å·æˆ–è€…6å·å¾ˆåƒ æˆ‘å“çš„è®¤ä¸å‡ºæ¥äº†å°±è§‰å¾—è·Ÿè€è™ä½“å‹å·®ä¸å¤šå¤§å…¨èº«éƒ½æ˜¯é»‘è‰²çš„ å› ä¸ºè¿‡è·¯åå­—è·¯å£æˆ‘æ˜¯ä¸œè¥¿æ–¹å‘ ä»–æ˜¯å—åŒ—æ–¹å‘ç¦»çš„ä¸€ç±³æˆ‘å°±çœ‹åˆ°ä»–çš„ç»†ç‹—äº†å¦ä¸€åªæˆ‘è¿˜æ²¡çœ‹åˆ° æˆ‘å°±èµ¶ç´§æŠŠæ¨è½¦è½¬åœ¨æˆ‘èº«å ç„¶åä»–ç‰µç€ç‹—èµ°äº†è¿‡æ¥ èµ°åˆ°æˆ‘é¢å‰ æˆ‘æ‰å‘ç°æ˜¯åªæ¶çŠ¬è€Œä¸”æ²¡æœ‰å¥—å˜´å¥—ä¸€å¼ å¤§å˜´æ»¡å˜´å“ˆå–‡å­ æˆ‘å½“æ—¶å“åäº† ç«™åœ¨åŸåœ°ä¸æ•¢åŠ¨ æˆ‘æ€•ä»–ç‰µä¸ä½ ç„¶åè®©ä»–å¹²ç´§ç‰µèµ° ä»–è¯´åˆ«æ€•åˆ«æ€•å°±æŠŠç‹—ç‰µå¾€å‰èµ° ç„¶åæœ€è¦å‘½çš„æ˜¯è¿™ä¸ªç‹—è·Ÿä»–èµ°äº†ä¸€ä¸‹åˆå›å¤´å¾€æˆ‘è¿™è¾¹æ¥äº† ä½ ä»¬èƒ½æƒ³è±¡å½“æ—¶é‚£ç§æƒ…æ™¯å— ä¸€åªä½“å‹è·Ÿè€è™å·®ä¸å¤šå¤§çš„æ¶çŠ¬ æ»¡å˜´å“ˆå–‡å­ èµ°å‘ä½ æˆ‘å·®ç‚¹å“å“­äº†,5ce5cc9a000000001102d4fa,SK,https://sns-avatar-qc.xhscdn.com/avatar/60b32e2ef36a4b0f3f750758.jpg?imageView2/2/w/120/format/jpg,7,1703311371393,3
6534b1e500000000250158f2,1697952229000,ç”˜è‚ƒ,652ffc7b000000001f03bd70,å®¶é•¿çœ‹å¥½è‡ªå·±çš„å­©å­ï¼Œæ°¸è¿œåˆ«ç›¸ä¿¡è¯´ä»€ä¹ˆç‹—ä¸å’¬äººï¼Œä¹Ÿåˆ«è®©å­©å­éšä¾¿å»æ‘¸ï¼Œä¸»äººåŒæ„äº†ä¹Ÿä¸è¡Œï¼æ¯•ç«Ÿåªè¦ç‹—å’¬äº†äººéƒ½æ˜¯ç‹—å¾ˆæ¸©é©¯ï¼Œä½ æ²¡çœ‹å¥½å­©å­ï¼Œä½ å®¶å­©å­ä¸»åŠ¨æ‹›æƒ¹ç‹—[åƒç“œR]çƒˆæ€§çŠ¬éƒ½èƒ½æ´—æˆæ¸©é©¯ï¼ŒçœŸå’¬äººäº†è°è·Ÿä½ è®²ç†,62a997d5000000001501e85a,å°å¸ƒå°”ä¹”äºšDAYTOY,https://sns-avatar-qc.xhscdn.com/avatar/62a997d5000000001501e85a.jpg?imageView2/2/w/120/format/jpg,8,1703311371396,17
6534c4d4000000001b031d72,1697957077000,å¹¿ä¸œ,652ffc7b000000001f03bd70,å­™çº¢é›·å‘¢ï¼Ÿ,5d635348000000000101864f,å¤šå°”æˆˆé²åŸº,https://sns-avatar-qc.xhscdn.com/avatar/63482f3a1c2b38d1911f02ef.jpg?imageView2/2/w/120/format/jpg,5,1703311371398,0
6535cbfa000000001d002750,1698024442000,å¹¿è¥¿,652ffc7b000000001f03bd70,æˆ‘è®°å¾—æ¯”ç‰¹çŠ¬è¿˜æ‰“ä¸è¿‡ä¸­åç”°å›­çŠ¬ï¼ŒBæœ‰è§†é¢‘ï¼Œç¬¬ä¸€æ¬¡çŸ¥é“å›½äº§é˜¿é»„æˆ˜æ–—åŠ›çˆ†è¡¨[ç¬‘å“­R],5f34340b00000000010058a5,ç«¥å´½å­,https://sns-avatar-qc.xhscdn.com/avatar/63a9cf623a14c3466f966509.jpg?imageView2/2/w/120/format/jpg,4,1703311371401,0
653360a20000000025017715,1697865890000,æ²³åŒ—,652ffc7b000000001f03bd70,å¸Œæœ›å®¶é•¿èƒ½å‡ºé—¨èƒ½çœ‹ä½è‡ªå·±å­©å­ï¼Œçœ‹ä¸ä½è‡ªå·±å­©å­åˆ°æ—¶å€™å‡ºäº†äº‹ æœ‰å“­çš„æ—¶å€™,5c0b8eaf000000000601ed6d,æˆ‘å«ç‹å°äºŒå–ï¼,https://sns-avatar-qc.xhscdn.com/avatar/62722d6b389c5ed27639bc3b.jpg?imageView2/2/w/120/format/jpg,2,1703311371404,12
6535d5d9000000002003be0a,1698026969000,å‰æ—,652ffc7b000000001f03bd70,å­¦ä¼šäº† é‚£æ€ä¹ˆè¯†åˆ«çƒˆæ€§äºº,600c008c0000000001007641,æ™®ç½—ç»´å¨…,https://sns-avatar-qc.xhscdn.com/avatar/638c7e5ca6ea64bf712deeca.jpg?imageView2/2/w/120/format/jpg,2,1703311371406,0
653395070000000020031f21,1697879303000,å¤©æ´¥,652ffc7b000000001f03bd70,æ‡‚äº† è¿œç¦»å…«å­—å˜´,580deb7a5e87e7697f4e8a62,-åŒ—äººä¹…æƒ…,https://sns-avatar-qc.xhscdn.com/avatar/7121a416be8e543266fd62c1cc9d575e.jpg?imageView2/2/w/120/format/jpg,1,1703311371409,2
6533913a000000002002822c,1697878330000,å¹¿ä¸œ,652ffc7b000000001f03bd70,æ¯”ç‰¹çŠ¬çš„è‚Œè‚‰çœ‹ç€å°±è§‰å¾—å‡¶,5d61468e000000000100a8f3,çŠ,https://sns-avatar-qc.xhscdn.com/avatar/614063106325edf471181bbf.jpg?imageView2/2/w/120/format/jpg,1,1703311371412,1
653357b60000000019009043,1697863606000,æ±Ÿè‹,652ffc7b000000001f03bd70,å¾ˆå¥½çš„å¹²è´§ï¼Œè°¢è°¢å°ç¼–,5bd018c838ba630001166b0b,TAOå®å„¿,https://sns-avatar-qc.xhscdn.com/avatar/1040g2jo30rhs9hsai44g4bjeeeccgqobli2vi00?imageView2/2/w/120/format/jpg,1,1703311371414,1
6551dc010000000033003164,1699863553000,é‡åº†,652ffc7b000000001f03bd70,è²å‹’æŠ¤é¢†åœŸæ„å¼å¤ªææ€–äº†,5f4a5bea0000000001004305,æœ‰å“ä½çš„ç›ä¸é±¼,https://sns-avatar-qc.xhscdn.com/avatar/1000g2jo2gqnsr0ais06g5nqabfl08go59gj04q8?imageView2/2/w/120/format/jpg,0,1703311371418,0
653a29170000000021002e0e,1698310423000,è¾½å®,652ffc7b000000001f03bd70,å¾ˆæœ‰ç”¨çš„åˆ†äº«,64e2cb0b000000000100c8bd,æ¡ƒæ¡ƒä¸¸å­,https://sns-avatar-qc.xhscdn.com/avatar/1040g2jo30obvv01li8005p72pc5g9i5thi430g8?imageView2/2/w/120/format/jpg,0,1703311371421,0
65366184000000001a012536,1698062724000,å¹¿ä¸œ,652ffc7b000000001f03bd70,ä¸€èˆ¬é•¿è¿™æ ·çš„éƒ½ä¸æ•¢é è¿‘äº†ï¼Œçœ‹èµ·æ¥å°±å¾ˆå‡¶,608aed91000000000101e2c0,momo,https://sns-avatar-qc.xhscdn.com/avatar/64e0d20169140d5fa7f598d6.jpg?imageView2/2/w/120/format/jpg,0,1703311371424,1
653644ba000000001903bf8a,1698055354000,æ±Ÿè‹,652ffc7b000000001f03bd70,ä¸€èˆ¬çƒˆæ€§çŠ¬éƒ½é•¿å¾—ä¸‘[ç¬‘å“­R],5a1bb06a4eacab0f7340dcef,ç¾å°‘å¥³æˆ˜å£«,https://sns-avatar-qc.xhscdn.com/avatar/1040g2jo30qv60q0rh2d049vu14o6ln7fdfvo160?imageView2/2/w/120/format/jpg,1,1703311371427,2
65363a17000000002002aa59,1698052631000,æµ™æ±Ÿ,652ffc7b000000001f03bd70,åŸå¸‚è¿˜æ˜¯é€‚åˆé‡‘æ¯› æ‹‰å¸ƒå¤šæ‹‰å¤š è¾¹ç‰§ æ³°è¿ªè¿™ç±»,5d7744470000000001005b1b,PROJECT 0111,https://sns-avatar-qc.xhscdn.com/avatar/1040g2jo30o565dtsim005nbn8h3g8morthbgcc8?imageView2/2/w/120/format/jpg,1,1703311371429,1
6535db930000000020035aaf,1698028435000,,652ffc7b000000001f03bd70,æ€ä¹ˆè¯´äº†ï¼Œæˆ‘ä¹Ÿæ˜¯å…»ç‹—ï¼Œä¹Ÿéå¸¸å–œæ¬¢ç‹—ç‹—ï¼Œä½†å…»ç‹—çš„ä¸ç‰µç‹—ï¼Œæˆ‘ä¹Ÿæ˜¯éå¸¸çš„è®¨åŒï¼Œæˆ‘ä¸Šç”µæ¢¯éƒ½é—®ä»–ä»¬æ€•ä¸æ€•ç‹—ï¼Œä¸æ€•æˆ‘å°±ç‰µç‹—ä¸€èµ·è¿›ç”µæ¢¯ï¼Œå¦‚æœæ€•ï¼Œæˆ‘å°±ç­‰ä¸‹ä¸€ä¸ªç”µæ¢¯ï¼Œè¦æ‹…å¾—èµ·é“²å±å®˜çš„è´£ä»»ã€‚,5f459d19000000000101f79e,å¦‚ä½•æˆä¸ºå¸…å“¥,https://sns-avatar-qc.xhscdn.com/avatar/63a15e5cea6ad999d562f84a.jpg?imageView2/2/w/120/format/jpg,0,1703311371431,1
6534d13f000000001d00c83c,1697960255000,æ²³å—,652ffc7b000000001f03bd70,æ¶éœ¸çŠ¬æ˜¯ä¸æ˜¯æœ‰æ¯”ç‰¹çŠ¬çš„è¡€ç»Ÿ,5b18bf7a11be107b20213bce,P!anet,https://sns-avatar-qc.xhscdn.com/avatar/607c49530606a3c74f2e45fc.jpg?imageView2/2/w/120/format/jpg,0,1703311371435,0
65347430000000001900aa4d,1697936432000,æ²³å—,652ffc7b000000001f03bd70,ä½ æ˜¯ä¸ªç­ç»å¸ˆå¤ª,5ee22b4f0000000001001f7e,é˜³é˜³,https://sns-avatar-qc.xhscdn.com/avatar/6077eb7bc54afad0b6061f3e.jpg?imageView2/2/w/120/format/jpg,1,1703311371439,0
653454d7000000002201eefc,1697928407000,æ±Ÿè‹,652ffc7b000000001f03bd70,ä¸ç®¡æ˜¯ä»€ä¹ˆç‹—   éƒ½è¦ä¿æŒè·ç¦»    ä¸è¦æ‘¸è·¯è¾¹çš„ç‹—,5911a60550c4b43afe142938,momo,https://sns-avatar-qc.xhscdn.com/avatar/1040g2jo30rllu92vio6g49fqk7j0aa9o5uj4440?imageView2/2/w/120/format/jpg,0,1703311371441,3
653435060000000021003a8f,1697920262000,é‡åº†,652ffc7b000000001f03bd70,"æˆ‘çš„æ¯”ç‰¹å°±æ˜¯æˆ˜æ­»çš„,å®¶é‡Œæœ‰è›‡,å®ƒå’¬æ­»äº†è›‡,å®ƒä¹Ÿæ­»äº†ã€‚",6411872400000000110204b2,å°å°ä¸–ç•Œ,https://sns-avatar-qc.xhscdn.com/avatar/411309441983cdc4ce073ff8da73b5b6.jpg?imageView2/2/w/120/format/jpg,0,1703311371444,0
6533edf9000000002201d0b4,1697902073000,æµ™æ±Ÿ,652ffc7b000000001f03bd70,éƒ½å¥½å“äºº[å“­æƒ¹R]@è…¹è‚Œå¥¶é¾™,550521492e1d937cd93a5791,åªåƒç³–ä¸åƒè‹¦(è£…ä¿®ä¸­),https://sns-avatar-qc.xhscdn.com/avatar/1040g2jo30n491v1i5g004060ihgkilsh8ldeaj0?imageView2/2/w/120/format/jpg,1,1703311371446,0
6533d772000000001d002a08,1697896306000,æµ™æ±Ÿ,652ffc7b000000001f03bd70,@è¡—è§’,5b8213a8871ff10001a50f69,æ¢…è²æ–¯ç‰¹,https://sns-avatar-qc.xhscdn.com/avatar/6489dbbe17cdc10276a61e86.jpg?imageView2/2/w/120/format/jpg,1,1703311371449,0
6533ccbc0000000025016a3f,1697893564000,å®‰å¾½,652ffc7b000000001f03bd70,@è¿‡æœŸçš„é…¸å¥¶_ å§å§æˆ‘æ€•â€¦,5dbb8ffd0000000001004545,å°æŠ„å†™å‘˜,https://sns-avatar-qc.xhscdn.com/avatar/628260a50177fd987babcfcd.jpg?imageView2/2/w/120/format/jpg,0,1703311371454,0
6533b572000000002100edb0,1697887602000,é™•è¥¿,652ffc7b000000001f03bd70,æˆå¹´äººéƒ½æ€•è¿™äº›ç‹—ã€‚,5b8b3990cb86550001593a5d,å¸­ä¸ä¹ ,https://sns-avatar-qc.xhscdn.com/avatar/5b8b3990cb86550001593a5d.jpg?imageView2/2/w/120/format/jpg,1,1703311371456,2
65334464000000002002a7f0,1697858660000,å®‰å¾½,652ffc7b000000001f03bd70,çœ‹ç€å°±å¥½å‡¶,5be7bc1629ae6c0001cbd34e,bababaqq,https://sns-avatar-qc.xhscdn.com/avatar/1040g2jo30rnutpp8ie6g4bpoj7u1dkqe6b9e1qg?imageView2/2/w/120/format/jpg,0,1703311371459,4
65333c96000000002303af52,1697856662000,å±±ä¸œ,652ffc7b000000001f03bd70,@è±«è¥¿å°ä¸ @è±«è¥¿å°ä¸ èŠ±çŒ«å‘¢,5c5961dc000000001b00d94f,å¥³ç¥¨æ˜¯åªåŒçœ¼çš®,https://sns-avatar-qc.xhscdn.com/avatar/1040g2jo30pvdfjspn8605n2pc7e6pmaffol5g3g?imageView2/2/w/120/format/jpg,1,1703311371461,0
653242b600000000190399f5,1697792694000,ç”˜è‚ƒ,652ffc7b000000001f03bd70,æ¯”ç‰¹çŠ¬æ”¾çš„æ˜¯æ¶éœ¸çš„å›¾[ç¬‘å“­R]ï¼Œæ¶éœ¸åªæ˜¯é•¿å¾—å‡¶,63184992000000002302523a,å°çº¢è–¯63187C7A,https://sns-avatar-qc.xhscdn.com/avatar/7121a416be8e543266fd62c1cc9d575e.jpg?imageView2/2/w/120/format/jpg,1,1703311371464,4
6531d64e000000002202e74f,1697764942000,å¹¿ä¸œ,652ffc7b000000001f03bd70,å¤ªå¯æ€•äº† è¿œç¦»å®ƒä»¬,58e8988250c4b46e7f2fcda9,åä¸€å¦ˆå¦ˆ,https://sns-avatar-qc.xhscdn.com/avatar/1040g2jo30orin61k346g49chvec85jd9nq8s8n8?imageView2/2/w/120/format/jpg,2,1703311371469,1
6535c76b0000000023038298,1698023275000,æ¹–å—,652ffc7b000000001f03bd70,çœŸæ˜¯èƒ¡è¯´å…«é“ï¼Œæ¯”ç‰¹å’¬äººçš„å¯èƒ½æ€§æ¯”æ³°è¿ªè¿˜è¦ä½ï¼ŒåŸ¹è‚²è¿‡ç¨‹ä¸­å’¬äººçš„æ¯”ç‰¹éƒ½è¦æ­»ã€‚,6096c4d400000000010017f5,bobe,https://sns-avatar-qc.xhscdn.com/avatar/60a3535b5e3bb69a5ae5454e.jpg?imageView2/2/w/120/format/jpg,1,1703311371471,0
6534af600000000025014705,1697951586000,å¢¨è¥¿å“¥,652ffc7b000000001f03bd70,æˆ‘æœ‹å‹å®¶çš„ç½—å¨çº³è¶…çº§ä¹–çš„ï¼Œç¬¬ä¸€æ¬¡è§é¢è™½ç„¶è¢«å®ƒä½“å‹å“åˆ°ï¼Œä½†æ˜¯å®ƒåªæ˜¯ä¸€åªæ†¨æ†¨å®å®è€Œå·²ï¼Œæ‰€ä»¥æˆ‘ä¸ç›¸ä¿¡å¦‚æœä¸å»æŒ‘è¡…å®ƒã€‚å®ƒä¼šæ— åŸæ— æ•…å»æ”»å‡»çš„,5ca9c7bf0000000017004687,LUki çš„ä¼˜è‰æœ,https://sns-avatar-qc.xhscdn.com/avatar/63e5fcb1816f8b42466b8dc5.jpg?imageView2/2/w/120/format/jpg,13,1703311371474,5
65321f5300000000200167f3,1697783635000,å±±ä¸œ,6530a904000000002201c328,çœ‹è§†é¢‘å¦å¤–ä¸€åªæ‹‰å¸ƒæ‹‰å¤šä¸åƒæ˜¯åœ¨å’¬äºº,59ef412011be10192e013674,å®¶æœ‰ç†Šå­©çº¸,https://sns-avatar-qc.xhscdn.com/avatar/59ef412011be10192e013674.jpg?imageView2/2/w/120/format/jpg,1,1703311372373,34
6531214e000000002002f7ce,1697718606000,å±±ä¸œ,6530a904000000002201c328,è¿™ç§ç‹—åº”è¯¥å¸¦ä¸Šå˜´å¥—æ‰èƒ½å‡ºé—¨ï¼Œå‘èµ·ç–¯æ¥å¤§äººä¹Ÿæ‹‰ä¸ä½,593682cf5e87e77e551d2a1f,momom,https://sns-avatar-qc.xhscdn.com/avatar/630755655242ff4b42a21df7.jpg?imageView2/2/w/120/format/jpg,1,1703311372376,12
6536a4d9000000002100dd75,1698079961000,æ±Ÿè‹,6530a904000000002201c328,ç‹—ä¸»äººä¸€ç›´æ²¡å‡ºç°å‘€ï¼Œç‰©ä¸šä¹Ÿè¯´äº†ä»–ä»¬å…ˆæ‰¿æ‹…åŒ»ç–—è´¹ï¼Œè¿™200ä¸‡çš„æ˜ç»†è¿Ÿè¿Ÿä¸ç»™ï¼ŒåŒ»é™¢ä¹Ÿè¯´æ²¡æœ‰é¢„ä¼°æ¬¾ã€‚å­˜11ä¸‡ç°åœ¨ç”¨äº†3ä¸‡ã€‚ç½‘å‹å¾ˆå¤šç”³è¯·é€€æ¬¾ï¼Œå°å¥³å­©çš„å¦ˆè¯´è¦èµ·è¯‰è¿™äº›é€€æ¬¾çš„è¿™æ€ä¹ˆè§£é‡Šï¼Œæ‹¿åˆ°ç½‘å‹çš„é’±å»è¯·ç½‘çº¢å¾‹å¸ˆæ¥å‘Šç½‘å‹ï¼Ÿè¿˜æœ‰ç‹—ä¸»æ˜¯è°ï¼Œä¸ºå•¥è·Ÿä»–ä»¬å®¶ä¸€ä¸ªå§“ä¹Ÿå§“å”ã€‚åæ­£æˆ‘ç”³è¯·é€€æ¬¾å°±ã€‚æ„Ÿè§‰è¿™é’±èŠ±çš„ä¸æ˜ä¸ç™½ï¼Œæœ‰çˆ±å¿ƒä¹Ÿè¦çœ‹å¯¹è±¡ï¼Œåƒç›¸æœ‰ç‚¹éš¾çœ‹ï¼Œè€Œä¸”å°å¥³å­©å¦ˆå¦ˆä»¥å‰æŠ–éŸ³åå­—æ˜¯å„¿å­çš„å¦ˆå¦ˆï¼Œä¸æ˜¯å¥³å­©å­çš„å¦ˆå¦ˆï¼Œå‘ç”Ÿäº†äº‹æƒ…æ‰æ”¹çš„åå­—ã€‚,58cac11c50c4b40878cc24ae,AğŸƒnnnnnnnnğŸ’š,https://sns-avatar-qc.xhscdn.com/avatar/1040g2jo30oica7l9i40049a77d0ho95ei5le1ig?imageView2/2/w/120/format/jpg,2,1703311372379,8
653b15ec0000000020026723,1698371052000,å®‰å¾½,6530a904000000002201c328,æ¯æ¬¡çœ‹åˆ°å°åŒºé‡Œå¤§ç‹—ä¸ç‰µç»³çœŸçš„å¯æ€•ã€‚,5b0831744eacab7802527e82,momo,https://sns-avatar-qc.xhscdn.com/avatar/64389391cf0f84f939f3169c.jpg?imageView2/2/w/120/format/jpg,1,1703311372381,2
65498086000000002001f2ca,1699315846000,é™•è¥¿,6530a904000000002201c328,ä¹Ÿè¯·ä½ æ¥è¯„è¯„å–„æ¬¾è¢«æŒªåšä»–ç”¨åº”å¦‚ä½•é˜²èŒƒï¼Ÿæ— ä¸Šé™è¿›è¡Œçˆ±å¿ƒç­¹æ¬¾ç®—ä¸ç®—éæ³•é›†èµ„ï¼Ÿæ— å·®åˆ«è™æ€å…¶ä»–æ— è¾œåŠ¨ç‰©ç®—ä¸ç®—å½±å“å…¬å…±ç§©åºï¼Ÿ,56593d44cb35fb1505bce6cf,Annieieieie,https://sns-avatar-qc.xhscdn.com/avatar/d784fc20c996f3d2f39d034c404f234e.jpg?imageView2/2/w/120/format/jpg,0,1703311372384,3
6530fe25000000001d00660a,1697709605000,åŒ—äº¬,6530a904000000002201c328,è¿˜å¾—æ˜¯ä¸­å…¬980[èµR],631df6db00000000230382f8,å¦™å­¦å…¬è€ƒå¹•åä¸­å¿ƒ,https://sns-avatar-qc.xhscdn.com/avatar/1000g2jo2qt7er7ijq05g5ooturdov0novoja5jg?imageView2/2/w/120/format/jpg,1,1703311372388,0
653632a0000000001b03008d,1698050720000,æ±Ÿè‹,6530a904000000002201c328,æ€ä¹ˆä¸é—®é—®ææ¬¾æ˜ç»†[å¾®ç¬‘R],63b97495000000002601197c,é¢†å¯¼åŒäº‹åœ¨å¤©å ‚,https://sns-avatar-qc.xhscdn.com/avatar/653143bd27f43d57947f5e0e.jpg?imageView2/2/w/120/format/jpg,1,1703311372390,5
6537b714000000002201cc35,1698150164000,æµ™æ±Ÿ,6530a904000000002201c328,ç½—å¨çº³ä½œä¸ºå®¶å…»çŠ¬ï¼Œå°±ç­‰äºæ¶çŠ¬ã€‚ä½œä¸ºå†›çŠ¬ï¼Œå¯ä»¥æˆä¸ºé˜²æš´çŠ¬[ç¬‘å“­R]å¥½å¾—å¾ˆï¼Œæ€ä¹ˆè¯´ï¼Œå°±å¾ˆéš¾è¯„ã€‚å°±è·Ÿç”°å›­çŠ¬ä¸€æ ·ï¼Œéœ€è¦å®ƒçš„æ—¶å€™ï¼Œè¯´å®ƒæ˜¯çœ‹å®¶æŠ¤é™¢çš„å¥½ç‹—ï¼Œä¸éœ€è¦å®ƒäº†ï¼Œè¯´å®ƒæ˜¯å¤§å‹çŠ¬ç¦å…»,5f94304d0000000001000768,äº‘èˆ’,https://sns-avatar-qc.xhscdn.com/avatar/63480e15e583921f913a7d38.jpg?imageView2/2/w/120/format/jpg,0,1703311372393,7
65374617000000002001347f,1698121239000,å¤©æ´¥,6530a904000000002201c328,ä¸¤åªç‹—æ‰‘å€’ï¼Œå®˜æ–¹éƒ½æ¾„æ¸…äº†ç™½ç‹—æ²¡æ²¡æ’•å’¬ï¼Œåˆé€ ä¸Šè°£äº†,6016dddb000000000100608c,å¾å¿ƒå³æ˜¯å®‡å®™,https://sns-avatar-qc.xhscdn.com/avatar/1040g2jo30p085h4q3u605o0mrndg8o4c12mr5ug?imageView2/2/w/120/format/jpg,0,1703311372396,6
6538fbae0000000021000233,1698233263000,å››å·,6530a904000000002201c328,[å®³ç¾R][å®³ç¾R][å®³ç¾R][å®³ç¾R]å¥½å’¯,5b16a9b011be106c73115ace,Angelinakiki,https://sns-avatar-qc.xhscdn.com/avatar/64696e05aecae0c289b5da45.jpg?imageView2/2/w/120/format/jpg,0,1703311372398,1
653a65ba000000001900b734,1698325946000,æ±Ÿè‹,6530a904000000002201c328,åˆšä¸¤ä¸ªç‰µç‹—å¤§å©¶åœ¨é‚£é‡Œè¯´ï¼Œä¸€ä¸ªç‹—å’¬äº†äººè¦å…¨ä¸–ç•Œçš„ç‹—é™ªè‘¬ï¼Œé‚£ä¸ºä»€ä¹ˆä¸€ä¸ªäººæ€äº†å¦ä¸€ä¸ªä¸è®©å…¨ä¸–ç•Œçš„äººé™ªè‘¬[å¹æ°”R],5b695b476b58b73c95ab6971,è¶ä½ ç—…è¦ä½ å‘½,https://sns-avatar-qc.xhscdn.com/avatar/1040g2jo30orc5mebj46g4aajfhdkeqbhvkessug?imageView2/2/w/120/format/jpg,0,1703311372403,0
653a3240000000001d00c2b2,1698312768000,è¾½å®,6530a904000000002201c328,æˆ‘ä¸ªäººè§‰å¾—ä¸‡ç‰©éƒ½æ˜¯å¹³ç­‰çš„ï¼Œåªæ˜¯åˆ†å¥½çš„ï¼Œåçš„ï¼Œä¸èƒ½å› ä¸ºåçš„ï¼Œè€Œå»å†¤æ‰é‚£äº›å¥½çš„ã€‚,5bdf070ce78e350001511bbd,å°æ­Œæ­Œæ­Œæ­Œæ­ŒğŸ’•,https://sns-avatar-qc.xhscdn.com/avatar/1040g2jo30stkdkia3u004bnv283go6ttrrcglh0?imageView2/2/w/120/format/jpg,0,1703311372406,0
6539c635000000002201e8a3,1698285109000,å¹¿ä¸œ,6530a904000000002201c328,ä»å¤è‡³ä»Šï¼Œé‚£ä¹ˆå¤šäººè¢«ç‹—å’¬ï¼Œä¸ºä»€ä¹ˆååè¿™å›è¢«å’¬å°±æœ‰ä¼—ç­¹200ä¸‡ï¼Ÿä¸€ä¸ªä¸ªçœŸæ˜¯è·Ÿé£ä¸€è„‘é—¨çƒ­,64de2b69000000000100dd65,ä¸œèé«˜åŸ—5000å…ƒå¯»æ‰¾æ³°è¿ª,https://sns-avatar-qc.xhscdn.com/avatar/1040g2jo30nsl3a6gh26g5p6u5dkg9nb5r90jpeo?imageView2/2/w/120/format/jpg,0,1703311372409,3
65377b8f000000002303afda,1698134927000,å±±ä¸œ,6530a904000000002201c328,å°±è¿™äº‹å®éƒ½æ²¡å¼„æ¸…æ¥šå‘¢ï¼Œè¿˜æ•™äººè€ƒå…¬ï¼Ÿ,58a4716582ec397e2052c83f,å•¦å•¦å‘œçš„C,https://sns-avatar-qc.xhscdn.com/avatar/64b5f90c479615b45e780a34.jpg?imageView2/2/w/120/format/jpg,0,1703311372411,4
65377a450000000019009fae,1698134597000,æ²³å—,6530a904000000002201c328,äººæ°‘çƒ­è¯„è¿˜æ˜¯ä¸­å…¬çƒ­è¯„[doge]çç€çœ¼è¯´çè¯,5a102ab14eacab2400a74e9f,å¦–å¦–è§£é™¤å°å°,https://sns-avatar-qc.xhscdn.com/avatar/1040g2jo30ou3f3tdk26049vmislb2jkvk7n304o?imageView2/2/w/120/format/jpg,0,1703311372414,1
65374a1a00000000250092b4,1698122266000,æ±Ÿè‹,6530a904000000002201c328,æœ‰æ²¡æœ‰æ‡‚ç‹—çš„äººå£«è§£é‡Šä¸€ä¸‹ï¼Œè®©æˆ‘ä»¬è¿™äº›å°ç™½ï¼Œä»¥åé¿é¿é™©ã€‚è¿™æ¡ç‹—ä¸ºä»€ä¹ˆçªç„¶è¢­å‡»å°å­©ï¼Ÿè€Œä¸”ä¸å’¬å¤§äººï¼Œä¸“å’¬å­©å­ï¼Ÿ,5bf4f14449b7200001bec0c0,ç¾å°”æ£®,https://sns-avatar-qc.xhscdn.com/avatar/5bf4f14449b7200001bec0c0.jpg?imageView2/2/w/120/format/jpg,1,1703311372419,1
653693bd000000001a013118,1698075581000,å¹¿ä¸œ,6530a904000000002201c328,æ²¡è€å¿ƒï¼Œæ²¡æ’å¿ƒï¼Œæ²¡çˆ±è¯·ä¸è¦å…»ä»»ä½•å® ç‰©[å“­æƒ¹R]å…»äº†è¯·ä½ å¯¹å®ƒè´Ÿè´£ï¼,5ca8472c0000000012029df1,ä¸€æšå¶å­,https://sns-avatar-qc.xhscdn.com/avatar/63f721396c9e16b482ed0f9b.jpg?imageView2/2/w/120/format/jpg,0,1703311372422,0
653651710000000020030620,1698058609000,åŒ—äº¬,6530a904000000002201c328,å¥³å­©å¤ªå¯æ€œäº†ï¼Œå®¶é•¿è®©è½¬ä¸¤ç™¾ä¸‡æ€ä¹ˆå¤Ÿå•Šï¼Ÿå¾—æä¸¤ä¸ªäº¿å‘€[å¾®ç¬‘R],5fa7c55c0000000001005b10,å°å…”å­ä¹–ä¹–,https://sns-avatar-qc.xhscdn.com/avatar/627cb752297e3ffa2b057cf1.jpg?imageView2/2/w/120/format/jpg,0,1703311372424,0
65357482000000001c03f92d,1698002050000,æ±Ÿè‹,6530a904000000002201c328,åº”è¯¥ææ¸…æ¥šçš„ç–‘é—®å…¶ä¸€ï¼šç½—å¨çº³ä¸ºä½•æ”»å‡»ï¼Œè¿™ä»¶äº‹çš„å½±å“åŠ›å·²ç»æ‰©æ•£åˆ°å…¨ç¤¾ä¼šï¼Œå…¬ä¼—è‡³å°‘éœ€è¦çŸ¥é“å‰å› åæœå§ã€‚,559be50258944601994895ec,ä¼™å±±ç­é•¿,https://sns-avatar-qc.xhscdn.com/avatar/601c034ee8213db0d45d17ff.jpg?imageView2/2/w/120/format/jpg,1,1703311372426,0
6533f0be000000001d005b52,1697902782000,è¾½å®,6530a904000000002201c328,å—¯ï¼Œçœ‹ä¹‹å‰æˆ‘éƒ½èƒ½æƒ³åˆ°è¯´çš„ä¼šæ˜¯è¿™äº›ã€‚è¿™ç§æ—¶æœŸï¼Œè¿™çƒ­åº¦è¿˜æ˜¯ä¸è¦è¹­äº†ã€‚,5ccd4e0e000000001203e678,æ³‰ç­±å›,https://sns-avatar-qc.xhscdn.com/avatar/642646289af73b9b105dfbad.jpg?imageView2/2/w/120/format/jpg,0,1703311372429,1
653af9dd00000000250147a4,1698363869000,é»‘é¾™æ±Ÿ,6530a904000000002201c328,å°‘äº†ä¸€æ¡ï¼Œæ¶çŠ¬ä¸ºä»€ä¹ˆåªè¦å¥¹ä¸€äººã€‚,622724d6000000001000444b,å¤§å¥”,https://sns-avatar-qc.xhscdn.com/avatar/622724d6000000001000444b.jpg?imageView2/2/w/120/format/jpg,0,1703311372433,0
65393bd4000000002002a625,1698249684000,å®‰å¾½,6530a904000000002201c328,ç½—å¨çº³ç»å¯¹ä¸æ˜¯æ— ç¼˜æ— æ•…æ”»å‡»çš„ï¼Œåœ¨é‚£ä¸ªæ¶µæ¶µå¦ˆå‡ºé—¨ä¹‹å‰ï¼Œæœ‰ä¸ªä¿æ´é˜¿å§¨ä¹Ÿåœ¨ä¸¤åªç‹—é™„è¿‘ï¼Œå¹¶ä¸è¿œï¼Œä¸ºä»€ä¹ˆä¸å’¬ä¿æ´é˜¿å§¨å‘¢ï¼Ÿä¸ºä»€ä¹ˆä»–ä»¬ä¸€å‡ºæ¥å°±å»å’¬å°å­©äº†ï¼Ÿ,5fbfad42000000000100000f,å¤Ÿäº†ã€‚,https://sns-avatar-qc.xhscdn.com/avatar/1040g2jo30s6eu3r5j2605ntvll10800f8j1u078?imageView2/2/w/120/format/jpg,2,1703311372438,6
65371ac90000000021000c18,1698110153000,å¹¿ä¸œ,6530a904000000002201c328,ä¸çŸ¥é“å¤§å®¶æœ‰æ²¡æœ‰è§‰å¾—å¾ˆå¥‡æ€ªï¼Œé‚£ç‹—å…¨ç¨‹åªæ˜¯å¯¹å°å­©è¿›è¡Œæ’•å’¬ï¼Œå¹¶æ²¡æœ‰æƒ³æ”»å‡»æ¸…æ´å·¥å’Œé‚£ä½å­©å­çš„å¦ˆå¦ˆå•Šï¼Œæˆ‘çŒœæƒ³è¿™ä»¶äº‹æœ‰æ²¡æœ‰å†…æƒ…å‘¢ï¼Ÿè¦ä¸ç„¶ï¼Œæ€ä¹ˆç‹—ç‹—åªæ˜¯è¿½ç€å°å­©å’¬ï¼Œå¹¶æ²¡æœ‰å’¬å…¶ä»–äººå•Šï¼Œå¯è§ï¼Œè¿™ç‹—æ˜¯æ¸…é†’çš„ï¼Œå¹¶æ²¡æœ‰ç”Ÿç—…ä¹‹ç±»çš„ï¼Œé‚£ä¹ˆæ˜¯ä»€ä¹ˆåŸå› è®©å®ƒåªå¯¹è¿™ä¹ˆä¸€ä¸ªä¸¤å²å®å®è¿›è¡Œæ’•å’¬å‘¢,5dce326600000000010052af,æ·‘,https://sns-avatar-qc.xhscdn.com/avatar/cd255d0e201935e0d852bd371f18c198.jpg?imageView2/2/w/120/format/jpg,4,1703311372441,8
6536a1f60000000025008de4,1698079222000,å¹¿ä¸œ,6530a904000000002201c328,ä½ ä»¬æ€ä¹ˆå¥½æ„æ€é¢„ä¼°200ä¸‡å‡ºæ¥çš„ï¼Ÿä¸æ˜¯è‡ªå·±é¦–å…ˆå–è½¦å–æˆ¿å—ï¼Ÿå› ä¸ºè¿™ä»¶äº‹ï¼Œå¤šå°‘æ— è¾œçš„çŒ«çŒ«ç‹—ç‹—è¢«å®³ï¼è¿™ä¸æ˜¯ç”Ÿå‘½å—ï¼Ÿé‚£äº›æ€äººçŠ¯ï¼Œå¼ºå¥¸çŠ¯ä¸è§ä½ ä»¬è¿™ä¹ˆå¤§åŠ¨ä½œï¼ä¸è§çš„è¦æ€ä»–ä»¬å…¨å®¶ï¼,56ea21171c07df285376452b,å¤šè‰æ˜¯æ¡ç‹—,https://sns-avatar-qc.xhscdn.com/avatar/63a95efeb4956e469e0dd8d1.jpg?imageView2/2/w/120/format/jpg,0,1703311372444,17
6535217e000000002100d9ae,1697980798000,å››å·,6530a904000000002201c328,å°å¥³å­©ä¹Ÿå¤ªå¯æ€œäº†å§ å®¶é•¿æ‰ä¼°200ä¸‡ æ€ä¹ˆä¸ä¼°ä¸¤ä¸ªäº¿å•Š[æ–œçœ¼R],5b16a9b011be106c73115ace,Angelinakiki,https://sns-avatar-qc.xhscdn.com/avatar/64696e05aecae0c289b5da45.jpg?imageView2/2/w/120/format/jpg,2,1703311372448,43
652f86ad0000000020032e67,1697613485000,æ±Ÿè‹,652e9d18000000002301b8dc,ä½†æ˜¯åè¿‡æ¥ï¼Œå¦‚æœæ¶çŠ¬è¢«æ‰“æ­»äº†ï¼Œå¥³ç«¥å°±å’¬äº†ä¸€å£ï¼Œèˆ†è®ºåˆæ˜¯æ€ä¹ˆæ ·ï¼Ÿ,5b860907d41e080001c8f2f4,ç­±é¦¨,https://sns-avatar-qc.xhscdn.com/avatar/5b8609957c4350000163b6d8.jpg?imageView2/2/w/120/format/jpg,37,1703311372981,32
6530f583000000001c028032,1697707395000,å››å·,652e9d18000000002301b8dc,å¦‚æœç‹—çš„ç”Ÿå‘½å‡Œé©¾äºäººçš„ç”Ÿå‘½ä¹‹ä¸Šï¼Œå°±æ˜¯åäººç±»åç¤¾ä¼š,5abcbc1fdb2e601d71a60563,æ»¡æ¸…é•¶é»„æ——ğŸ£,https://sns-avatar-qc.xhscdn.com/avatar/61d78dbd18ed93d749f03d7f.jpg?imageView2/2/w/120/format/jpg,18,1703311372984,52
652f382b000000001d038f20,1697593387000,å¹¿ä¸œ,652e9d18000000002301b8dc,ä¸¥æƒ©è¿è§„é¥²å…»å¤§å‹ç”šè‡³ç¦å…»çŠ¬çš„äººï¼ï¼ï¼,5fa4ad75000000000101d57c,momo,https://sns-avatar-qc.xhscdn.com/avatar/1040g2jo30qdf5arm08605nt4llqgblbskr8qtho?imageView2/2/w/120/format/jpg,15,1703311372988,40
65353a56000000002001122e,1697987158000,ä¸­å›½æ¾³é—¨,652e9d18000000002301b8dc,æœ¬æ¥åŒæƒ…ï¼Œä½†æ˜¯å¬è¯´å¥¹ç­¹æ¬¾200wï¼ŒåŸæ¥æ˜¯æ²¡æœ‰åŒ»é™¢å¼€å…·çš„è¯æ˜çš„ï¼Œè€Œä¸”ä¹Ÿä¸æ„¿æ„å…¬å¼€è´¹ç”¨æ˜ç»†ï¼Œç”šè‡³è¿˜æŠŠè¦æ±‚å…¬å¼€æ˜ç»†çš„ææ¬¾äººæ‹‰é»‘ï¼Œç°åœ¨å¯¹å¥¹å¯æ€œä¸èµ·æ¥,5abba048e8ac2b330057f55b,ğŸŒŸCKâœ¨,https://sns-avatar-qc.xhscdn.com/avatar/643d84cf5494bd5c8d2bc5d9.jpg?imageView2/2/w/120/format/jpg,3,1703311372991,22
652ea356000000001900a180,1697555286000,é‡åº†,652e9d18000000002301b8dc,æˆ‘éƒ½ä¸æ•¢æ‰“å¼€çœ‹ï¼Œæˆ‘ä¹Ÿå…»ç‹—ç‹—çš„ä¹Ÿæ˜¯å®å®å¦ˆå¦ˆï¼ŒçœŸçš„å¥½å¿ƒç–¼ã€‚åŠ æ²¹å®å®,61b5fd5100000000210261ec,ç”Ÿæ¤°æ‹¿é“,https://sns-avatar-qc.xhscdn.com/avatar/656d8ebb7b442706a82346a2.jpg?imageView2/2/w/120/format/jpg,2,1703311372995,5
653400360000000020037287,1697906742000,å¹¿ä¸œ,652e9d18000000002301b8dc,å¿…é¡»ä¸¥æƒ©ã€‚äººç±»å¹¼å´½å—ä¼¤ã€‚æ— æ•°æµæµªçŒ«ç‹—å«äº†å‘½ã€‚,6117743f0000000001008f16,ğŸ€,https://sns-avatar-qc.xhscdn.com/avatar/637c53b18f2682b89e2c99ca.jpg?imageView2/2/w/120/format/jpg,4,1703311372999,10
6538b9ec0000000020036360,1698216429000,,652e9d18000000002301b8dc,è¯¥è¯„è®ºå·²ä¸¢å¤±,61b0765b0000000010009060,ä¹¦çªsi,https://sns-avatar-qc.xhscdn.com/avatar/6434c598fe6243cd2838e22c.jpg?imageView2/2/w/120/format/jpg,7,1703311373002,2
652f872a00000000200152bd,1697613610000,æ¹–åŒ—,652e9d18000000002301b8dc,æˆ‘å‰å‡ å¤©åœ¨ç”µæ¢¯ ä¸€åªç‹—è¿›æ¥å°±å‘æˆ‘æ‰‘æ¥ å¹¸å¥½æ˜¯å°ç‹—æˆ‘èº²çš„å¿«ï¼Œç‹—ä¸»äººä¸ä½†ä¸æ‹‰è¿˜ä¸€ç›´è¯´å¥¹ç‹—ä¸å’¬äººè®©æˆ‘ä¸è¦èº²è¶Šèº²è¶Šä¸å¥½ï¼Œç«‹é©¬å¥¹çš„ç‹—å½“ç„¶ä¸å’¬å¥¹äº† æˆ‘è¦ä¸èº²å’¬çš„ä¸æ˜¯å¥¹,5bdf22b0014a820001ef512c,ä¸å‡¡çš„å¨±ä¹ä¹,https://sns-avatar-qc.xhscdn.com/avatar/2b4cefbb01e0a0824f5c173dde7f98b2.jpg?imageView2/2/w/120/format/jpg,2,1703311373006,7
653ff5fb000000002201ef28,1698690555000,å¹¿è¥¿,652e9d18000000002301b8dc,é¦–å…ˆè¿™å°±æ˜¯ä¸¤ä¸ªç‰©ç§ï¼Œäººå’Œäººä¹‹é—´å¯ä»¥é€šè¿‡å„ç§å½¢å¼äº¤æµåˆ¤æ–­è¿™ä¸ªäººçš„å¥½ä¸åï¼Œäººä¸èƒ½å’Œç‹—æ²Ÿé€šï¼Œç‹—åªæ˜¯é€šè¿‡è‡ªå·±é•¿æ—¶é—´çš„ç´¯ç§¯è®­ç»ƒå»ç†è§£äººç±»è¦è¡¨è¾¾çš„æ„æ€ï¼Œé‚£ä¹ˆäººå’Œäººä¹‹é—´éƒ½ä¼šå­˜åœ¨è“„æ„è°‹æ€ï¼Œäººéƒ½ä¼šçªç„¶å‘ç–¯ä¹±ç ä¹±æ€äººï¼Œé‚£ä¹ˆä»–çš„ç»“å±€å°±æ˜¯è¢«æŠ“è¢«å…³è¢«åˆ¤åˆ‘ï¼Œé‚£ä¸ºä»€ä¹ˆä¸€ä¸ªäººæ€äº†äººä¸åƒä¸€ä¸ªç‹—å’¬äº†äººä¸€æ ·æŠŠæµæµªæ±‰æŠŠä¸Šè¡—ä¸Šçš„äººéƒ½æŠ“äº†ï¼Ÿå› ä¸ºäººå’Œäººä¹‹é—´å¯ä»¥æ²Ÿé€šåˆ¤æ–­ï¼ä¸ºä»€ä¹ˆä¸€åªæœ‰ä¸»äººçš„ç‹—å’¬äº†äººï¼Œæ‰€æœ‰çš„æµæµªç‹—éƒ½è¦è¢«æŠ“ï¼Œå› ä¸ºä½ æ²¡åŠæ³•è·Ÿç‹—æ²Ÿé€šï¼Œå®ƒæ˜¯ç‹—ï¼Œå®ƒæ²¡æœ‰èº«ä»½è¯æ²¡æœ‰å·¥ä½œï¼Œå®ƒæ²¡æœ‰åƒäººç±»ä¸€æ ·å¯ä»¥æ‹¥æœ‰çš„è¿‡å¾€å²è®°å½•ï¼Œå®ƒåœ¨è¡—ä¸Šæµæµªï¼Œå®ƒèº«ä½“æœ‰ä»€ä¹ˆç—…ï¼Œå®ƒå»è¿‡å“ªé‡Œï¼ŒåŠ¨ç‰©æ¯”ä¸€ä¸ªäººçªç„¶å‘ç‹‚ä¼¤å®³ä½ çš„æ¦‚ç‡è¦é«˜å¾—å¤šï¼Œæµæµªç‹—æŠ“èµ°æ˜¯æœ€ç›´æ¥æœ€æœ‰æ•ˆå‡å°‘äº‹ä»¶çš„æ¦‚ç‡çš„æ–¹å¼,6129dee2000000000101779d,LeeanaæŒ‡å°–å°è±¡,https://sns-avatar-qc.xhscdn.com/avatar/1040g2jo30r9ruegq1c005o99rrh0atstt43qtr8?imageView2/2/w/120/format/jpg,2,1703311373008,3
65348cfb0000000019039b37,1697942779000,,652e9d18000000002301b8dc,"@à­§â¤âƒğŸ.: æˆ‘å¤åˆ¶çš„ï¼@æ— è¯­çš„åœŸè±†ï¼šæ…¢æ…¢z.ï¼šé€€è´¹æµç¨‹ï¼š
1.å…ˆå…³æ³¨å…¬ä¼—å·
2.è¿›å…¥ä¸ªäººä¸­å¿ƒï¼Œé€‰æ‹©è®¾ç½®ï¼Œè¿›è¡Œå®åè®¤è¯
3.å›åˆ°ä¸ªäººä¸­å¿ƒï¼Œé€‰æ‹©æˆ‘çš„ææ¬¾
4.é€‰æ‹©ç»¿é€šè®¢å•ï¼Œç‚¹å‡»é€€è´¹
è¿™æ ·å°±å¯ä»¥äº†ï¼Œå°±ä¸ç”¨è·Ÿå¹³å°å»å…œåœˆå­ã€‚",5b2b737be8ac2b243639ddf0,å°æ–°ã€‚,https://sns-avatar-qc.xhscdn.com/avatar/5eeb344fda075400015894c8.jpg?imageView2/2/w/120/format/jpg,1,1703311373012,5
6582020b000000001a031f18,1703019019000,å¹¿ä¸œ,652e9d18000000002301b8dc,å’¬çš„å¥½ï¼Œä¸­å›½äººå¿…é¡»ä¸ºåƒç‹—ä»˜å‡ºä»£ä»·ï¼,65576d91000000001000b7a0,å°çº¢è–¯6558277A,https://sns-avatar-qc.xhscdn.com/avatar/645b65431e7abf18da7d1266.jpg?imageView2/2/w/120/format/jpg,0,1703311373015,0
6561942d000000001900b276,1700893741000,äº‘å—,652e9d18000000002301b8dc,ç°åœ¨å†çœ‹ è„¸ç–¼ä¸ç–¼,5ce4ce94000000001003929c,æœ¨å®,https://sns-avatar-qc.xhscdn.com/avatar/63fc0c78c599dfcc6af152e6.jpg?imageView2/2/w/120/format/jpg,0,1703311373017,1
6552e8aa000000002002236e,1699932330000,ä¸Šæµ·,652e9d18000000002301b8dc,è¯ˆæ,5ca4c0d9000000001100f6d1,ANdçš„å°ç‹—ğŸ¶,https://sns-avatar-qc.xhscdn.com/avatar/1040g2jo30n2sasfn5a705n54o3ck9tmht147o78?imageView2/2/w/120/format/jpg,0,1703311373022,0
654a57aa000000002003e755,1699370922000,,652e9d18000000002301b8dc,ä¸æ˜¯éƒ½è¯´ç‹—æ˜¯äººæœ€å¿ è¯šçš„æœ‹å‹å—,653a72e9000000000600635a,æ€œæƒ…ğŸŒ·,https://sns-avatar-qc.xhscdn.com/avatar/1040g2jo30qmot6kt0g6g5p9qebkhgoqqiqipdno?imageView2/2/w/120/format/jpg,0,1703311373023,0
654a579c000000002001fbd0,1699370908000,,652e9d18000000002301b8dc,ç‹—ä¹Ÿæ˜¯ä¸€æ¡ç”Ÿå‘½,653a72e9000000000600635a,æ€œæƒ…ğŸŒ·,https://sns-avatar-qc.xhscdn.com/avatar/1040g2jo30qmot6kt0g6g5p9qebkhgoqqiqipdno?imageView2/2/w/120/format/jpg,1,1703311373026,1
654a5794000000002100732b,1699370900000,,652e9d18000000002301b8dc,åº”è¯¥æ€ªä»–ä¸»äººå•Šï¼Œéƒ½æ˜¯å› ä¸ºå®ƒä¸»äººä¸ç»™å®ƒåƒä¸œè¥¿ï¼Œä¸ç»™ä»–æ‹´ç»³å­ï¼Œæ‰€ä»¥ç‹—é¥¿äº†ï¼Œç„¶åå‘¢ï¼Œå¯èƒ½å°±ä¼šè·‘åˆ°åé¢æ¥æ‰¾åƒçš„å‘€,653a72e9000000000600635a,æ€œæƒ…ğŸŒ·,https://sns-avatar-qc.xhscdn.com/avatar/1040g2jo30qmot6kt0g6g5p9qebkhgoqqiqipdno?imageView2/2/w/120/format/jpg,1,1703311373030,1
65423edc000000001903809a,1698840284000,å¹¿ä¸œ,652e9d18000000002301b8dc,æœ‰äººè¯´ç‹—ğŸ¶å’¬ä¸æ­»äººï¼Œæ€ä¹ˆæ€¼[å¤±æœ›R],5c0be662f7e8b971f6eabdb0,å†·æš–è‡ªçŸ¥,https://sns-avatar-qc.xhscdn.com/avatar/5f86486f1573e20001276272.jpg?imageView2/2/w/120/format/jpg,0,1703311373032,1
653e8250000000001b032723,1698595408000,ä¸­å›½å°æ¹¾,652e9d18000000002301b8dc,å¯æ‚²çš„äººé¡ï¼Œå¾ˆå¤šäººä¸æœƒé¤Šé€™ç¨®ç‹—ç‹—ï¼Œå»å› ç‚ºæƒ³é¤Šå°±é¤Š ï¼Œé€ æˆäº†æ‚²åŠ‡ï¼Œå’¬å‚·ç„¡è¾œçš„äººï¼Œç‹—ç‹—ä¹Ÿé›£é€ƒé€ç½°ï¼Œé€™ç¨®ç„¡è…¦é¤Šç‹—çš„äººç›´æ¥æ­»åˆ‘æ¯”è¼ƒå¿«ï¼Œå…å¾—ç¹¼çºŒæ®˜å®³ç¤¾æœƒï¼Œå› ç‚ºç„¡è…¦çš„äººåªæœƒåšä¸€å †è…¦æ®˜äº‹,620831a3000000001000d9c9,TOBE,https://sns-avatar-qc.xhscdn.com/avatar/1040g2jo30s9nt805is6g5og866hk1me9d2cus0g?imageView2/2/w/120/format/jpg,0,1703311373035,2
653c5a0a0000000021011f58,1698454026000,ç¾å›½,652e9d18000000002301b8dc,å¤§é™†çš„åŠ¨ç‰©æ˜¯æ²¡æœ‰æƒåˆ©ï¼Œä¹Ÿæ²¡æœ‰ä¿æŠ¤æ³•ï¼Œä¸ä»…ä»…æ˜¯ç‹—ï¼Œæ›´åˆ«è¯´ä»»ä½•è§„ç« åˆ¶åº¦å»ç®¡ç†å® ç‰©æ‹´ç»³ï¼Œè·Ÿé™Œç”Ÿäººä¿æŒè·ç¦»è¿™äº›æ•™è‚²åˆ¶åº¦,5eb490a50000000001006e2e,äºŒç‹—å­,https://sns-avatar-qc.xhscdn.com/avatar/5eb490a50000000001006e2e.jpg?imageView2/2/w/120/format/jpg,1,1703311373038,1
653b7f70000000002202e3ef,1698398064000,å¹¿ä¸œ,652e9d18000000002301b8dc,åœ¨åŸå¸‚çƒˆæ€§çŠ¬åˆ«å…»è°¢è°¢[å¾®ç¬‘R]å¾ˆçƒ¦è¿™äº›å…»çƒˆæ€§çŠ¬äººè¯´æˆ‘ç‹—ä¸å’¬äºº,63989515000000002601188b,å¹½å¹½æœ,https://sns-avatar-qc.xhscdn.com/avatar/1040g2jo30panqhetk66g5osoikapi64b72e4pu0?imageView2/2/w/120/format/jpg,0,1703311373042,4
65391ac1000000001c028dc0,1698241217000,å¹¿è¥¿,652e9d18000000002301b8dc,å› ä¸ºä¸€åªç‹—ï¼Œå…¶ä»–ç‹—éƒ½è¦æ­»ï¼Œé‚£å¦‚æœæœ‰ä¸€ä¸ªäººï¼Œåœ¨è¡—ä¸Šæ€äº†äººï¼Œå…¶ä»–äººå…¨éƒ¨éƒ½æœ‰ç½ª,63ae7bd6000000002703460e,oã€‚ğŸ˜¶,https://sns-avatar-qc.xhscdn.com/avatar/1040g2jo30oamp06u2m5g5oteffb9uhge3e1d9gg?imageView2/2/w/120/format/jpg,0,1703311373044,4
653850fa0000000020011521,1698189562000,è¾½å®,652e9d18000000002301b8dc,å‘µå‘µï¼Œè¯¥,601a277c00000000010043a6,æ”¯æ£±,https://sns-avatar-qc.xhscdn.com/avatar/653a254320f4400a47bef00f.jpg?imageView2/2/w/120/format/jpg,0,1703311373054,0
65379a70000000002201fdbd,1698142832000,æ¹–å—,652e9d18000000002301b8dc,ç›´æ¥ä¸€è„šæŠŠç‹—KOäº†ï¼Œ,5d6a797d000000000100afa4,momo,https://sns-avatar-qc.xhscdn.com/avatar/1000g2jo2p7m8b92js06g5nbaf5ug9bt4otjjnug?imageView2/2/w/120/format/jpg,1,1703311373057,1
653759a1000000001b03fb9e,1698126242000,,652e9d18000000002301b8dc,æˆ‘çœ‹åˆ°çš„å›¾æ˜¯è¿™æ ·çš„ï¼Œä¸ºå•¥çœ‹åˆ°çš„ä¸ä¸€æ ·ï¼Ÿè¢«äººPSäº†å—[ç¬‘å“­R],62a82181000000001b026278,Huskyä¼Š,https://sns-avatar-qc.xhscdn.com/avatar/62a82203a039dfda9b65d38c.jpg?imageView2/2/w/120/format/jpg,1,1703311373059,0
653747cd000000002201c6ce,1698121677000,æ±Ÿè‹,652e9d18000000002301b8dc,åªæƒ³è¯´ç¦æ­¢åŸå¸‚å…»çŠ¬ï¼Œæ–‡æ˜çš„å°‘æ•°ï¼Œè¿˜å­˜åœ¨å®‰å…¨éšæ‚£,5da48cd6000000000100aa70,æœ‰å‡ºç»“æœæ‰ä¼šå¼€å¿ƒ,https://sns-avatar-qc.xhscdn.com/avatar/6380c5f54afbff356db001af.jpg?imageView2/2/w/120/format/jpg,0,1703311373062,1
6536803e000000001c02b24d,1698070590000,å¤©æ´¥,652e9d18000000002301b8dc,ä¸ºä»€ä¹ˆæŠŠå¦ˆå¦ˆçš„è¡¨æƒ…ç”»çš„å¦‚æ­¤å¼€å¿ƒã€‚ã€‚,5b79a1792ce8120001a2c076,ç”»ç”»çš„baby,https://sns-avatar-qc.xhscdn.com/avatar/1040g2jo30qjj1tpf086g4ago9sgnjg3mfp67cqg?imageView2/2/w/120/format/jpg,0,1703311373065,2
65366c42000000001c03c24a,1698065474000,å¤©æ´¥,652e9d18000000002301b8dc,æˆ‘çœ‹åˆ°çš„ä¸€ä¸ªå¤§å“¥åˆ†æçš„ï¼Œåˆ†æçš„ç›¸å½“æ˜ç™½1:æ‹’ç»ç‹—ä¸»äººçš„èµ”å¿ï¼Œä¹Ÿå°±æ˜¯æ–­æ‰ç‹—ä¸»äººé€šè¿‡æ°‘äº‹èµ”å¿è¾¾æˆè°…è§£å‡å°é‡åˆ‘æ ‡å‡†ã€‚ä»–ä»¬å°±ç«‹ä½äº†ä¸ä¸ºé‡‘é’±æŠ˜è…°ä¹Ÿè¦è®©ç‹—ä¸»äººä»˜å‡ºå·¨å¤§ä»£ä»·çš„é«˜èµ·ç‚¹äººè®¾ã€‚2: åˆ©ç”¨æœ¬å°±ç”±æ¥å·²ä¹…çš„äººç‹—çŸ›ç›¾è¿™ä¸ªé«˜çƒ­ç‚¹è¯é¢˜ï¼Œç«™åœ¨é“å¾·åˆ¶é«˜ç‚¹ï¼Œèµ·è¯‰æŠ¨å‡»ä»–ä»¬çš„çˆ±ç‹—äººå£«ã€‚3:å¹³å°å¯è¿½æº¯çš„ç­¹æ¬¾å°±æœ‰200ä¸‡ï¼Œä¸ç®¡æ˜¯ä¸æ˜¯å…³é—­äº†ææ¬¾æ¸ é“ï¼Œè¿˜ä¸ç®—å¹³å°ä¹‹å¤–çš„ææ¬¾ï¼Œè‚¯å®šæ˜¯å¤§äº200ä¸‡è¿™ä¸ªæ•°é¢ã€‚è€Œä¸”å°±æŒ‰æ³•å¾‹æ¥è¯´ï¼Œåæ­£ç‹—ä¸»äººåç»­èµ”å¿ä¸€å®šæ˜¯ä¼šè¦†ç›–æ²»ç–—è´¹ä»¥åçš„æŠ¤ç†è´¹ã€‚ç­¹æ¬¾é’±å› ä¸ºçˆ†ç‚¹è¯é¢˜åº”è¯¥è¿˜æœ‰åç»­å·¨å¤§çš„å¢é‡ï¼Œä¸”ä¸é€šè¿‡å¹³å°å®æ‰“å®çš„è¿›å…¥å£è¢‹ã€‚ä¸ªäººæ„Ÿè§‰è¿™æ¬¡èˆ†è®ºçˆ†ç‚¹éå¸¸ä¹‹é«˜ï¼Œæ›´åŠ å‡¸æ˜¾èƒŒåèˆ†è®ºæ‰‹æ®µæ¯”èµ·æ—ç”Ÿæ–Œäº‹ä»¶æ›´åŠ è€ç»ƒï¼Œåº”è¯¥æ˜¯æœ‰,61dd2d280000000010007ba7,é­ˆå®è®©éº»éº»äº²äº²,https://sns-avatar-qc.xhscdn.com/avatar/61dd2d280000000010007ba7.jpg?imageView2/2/w/120/format/jpg,0,1703311373070,2
653611000000000025017100,1698042112000,,652e9d18000000002301b8dc,ä¸»äººæ²¡ç®¡å¥½ç‹—,608bfe170000000001007471,æŸš.ğŸˆğŸ€ï¼ˆé‡æ–°å¼€å§‹ï¼‰,https://sns-avatar-qc.xhscdn.com/avatar/1040g2jo30pvgpm9kn46g5o4bvobg8t3hnkibu2o?imageView2/2/w/120/format/jpg,0,1703311373073,0
6535ed920000000025022c08,1698033042000,åŒ—äº¬,652e9d18000000002301b8dc,å› ä¸ºå’¬çš„ä¸æ˜¯çˆ±ç‹—äººå£«çš„å­©å­[å¾®ç¬‘R],626207ad000000001000c677,å¾®è§‚ä¸–ç•Œæ¢ç´¢è€…YIEN,https://sns-avatar-qc.xhscdn.com/avatar/63edb432205a418832fdd9c4.jpg?imageView2/2/w/120/format/jpg,2,1703311373076,2
6532586a00000000200238d7,1697798250000,ä¸Šæµ·,652e9d18000000002301b8dc,è¿™äº›æ‰“ç‹—æŠ€å·§å¯¹æˆ‘ä»¬å¦‡å¥³å„¿ç«¥æ¥è¯´å‡ ä¹æ— æ³•æ“ä½œ[ç¬‘å“­R],601ffcdf0000000001000568,U.U,https://sns-avatar-qc.xhscdn.com/avatar/649657e6d064c7cfbaeed280.jpg?imageView2/2/w/120/format/jpg,0,1703311373078,0
653252e2000000001b03343f,1697796834000,å››å·,652e9d18000000002301b8dc,é¢,5c6e074d0000000010039137,kinkinkritğŸ§ï¼ˆè§è¿‡bkppç‰ˆï¼‰,https://sns-avatar-qc.xhscdn.com/avatar/1040g2jo30so5klgu3s005n3e0t6k749nqf9moo0?imageView2/2/w/120/format/jpg,0,1703311373080,0
6531eefa0000000020001d5b,1697771258000,,652e9d18000000002301b8dc,å’¬äººçš„ç‹—ä¸èƒ½å†æ”¾å‡ºæ¥æˆ–è€…å¤„ç†æ‰ï¼Œå…»ç‹—çš„äººä¹Ÿè¦ä¸¥æƒ©ã€‚ä¼¤åˆ°äººå°±æ˜¯ä¸å¯¹ã€‚,5c0b6c150000000006017487,å°é›¨,https://sns-avatar-qc.xhscdn.com/avatar/5c0b6c150000000006017487.jpg?imageView2/2/w/120/format/jpg,0,1703311373083,1
6531e2e800000000200171c2,1697768168000,å±±ä¸œ,652e9d18000000002301b8dc,@ç››å¼€çš„ç¦å°”é©¬æ— ,5650527f62a60c20286c65d1,æ— æ•ˆå­—ç¬¦,https://sns-avatar-qc.xhscdn.com/avatar/63e6f313e854854f92631458.jpg?imageView2/2/w/120/format/jpg,0,1703311373088,0
653170c5000000001b032fd5,1697738950000,é™•è¥¿,652e9d18000000002301b8dc,è¯¥è¯„è®ºå·²ä¸¢å¤±,5abf10f2e8ac2b618510d65b,å››åªå°ç‹®å­çš„é¥²å…»å‘˜,https://sns-avatar-qc.xhscdn.com/avatar/657a82a25a7b686036a7edfb.jpg?imageView2/2/w/120/format/jpg,0,1703311373091,6
6530ac9c000000001903b161,1697688732000,å¹¿ä¸œ,652e9d18000000002301b8dc,å›¾ä¸€[æ±—é¢œR],64f1376500000000020116a3,å°çº¢è–¯jv9413168,https://sns-avatar-qc.xhscdn.com/avatar/645b802c0f5b598e07f39dc7.jpg?imageView2/2/w/120/format/jpg,0,1703311373093,0
652fdaed000000001d00023c,1697635053000,å››å·,652e9d18000000002301b8dc,å¦‚æœæˆ‘çš„å­©å­è¢«åˆ«äººå®¶å…»çš„ç‹—å’¬ä¼¤ï¼Œæˆ‘è‚¯å®šå…ˆæŠŠé‚£æ¡ç‹—å‰æˆè‚‰é…±,64102f09000000000f0138c2,å°çº¢è–¯6410AFCC,https://sns-avatar-qc.xhscdn.com/avatar/6411c73a4af46499569e92f4.jpg?imageView2/2/w/120/format/jpg,0,1703311373095,4
652fc3e3000000001d0058ea,1697629155000,,652e9d18000000002301b8dc,ä»å°æ€•ç‹—ï¼Œæˆ‘ç°åœ¨35å²ï¼Œè¢«é‚»å±…å®¶çš„å°æ³°è¿ªè¿½ç€è·‘å“å“­[å¤±æœ›R],5be41ecb1bed8c0001a724a1,è‘›æ ¼ä¹å ¡,https://sns-avatar-qc.xhscdn.com/avatar/53ba1722242c3e9344db7b0fc2e1005f.jpg?imageView2/2/w/120/format/jpg,0,1703311373098,1
652f83c3000000002100ebaa,1697612739000,åŒ—äº¬,652e9d18000000002301b8dc,å¤©å‘ çœ‹ç€å¿ƒéƒ½æªèµ·æ¥äº† æˆ‘å¥³å„¿ä¹Ÿä¸¤å²  æœ‰æ²¡æœ‰çŸ¥é“ç­¹æ¬¾é“¾æ¥çš„ è®©è¿™ä¸ªå®å®å¿«ç‚¹å¥½èµ·æ¥,5b3f3de211be1014afbc1085,songxi_PI,https://sns-avatar-qc.xhscdn.com/avatar/6582fdf28548425d6edb3c20.jpg?imageView2/2/w/120/format/jpg,0,1703311373103,1
652f81da00000000200386f8,1697612250000,å¹¿ä¸œ,652e9d18000000002301b8dc,æˆ‘ä»¬å®¶ä¹Ÿæœ‰ç‹—ï¼Œä½†æ˜¯æ¯æ¬¡å‡ºé—¨çœ‹åˆ°å¾ˆå¤šäººé›ç‹—ä¸ç”¨ç»³å­è¿˜ç†ç›´æ°”å£®ï¼ŒçœŸçš„ç‰¹åˆ«æ°”æ„¤,5cec995a000000001602f875,å­è±,https://sns-avatar-qc.xhscdn.com/avatar/6458aeb31300c5cf9d39e5d7.jpg?imageView2/2/w/120/format/jpg,0,1703311373106,1
652f198e0000000020026e27,1697585550000,åŒ—äº¬,652e9d18000000002301b8dc,æ³•æ²»ç¤¾ä¼šè€»è¾±ï¼Œå†ä¸ä¸¥æ ¼æ‰§è¡Œæ³•å¾‹ï¼Œé€šé€šæ’¤èŒ,62ce1f5b0000000002001fee,Lucky D,https://sns-avatar-qc.xhscdn.com/avatar/62ce1f5b0000000002001fee.jpg?imageView2/2/w/120/format/jpg,0,1703311373109,3
65373c29000000002402e5a6,1698118697000,å±±ä¸œ,652e9d18000000002301b8dc,åƒç‹—è¡€é¦’å¤´å“¦  ä¸ºä»€ä¹ˆä¸å’¬å…¶ä»–å®¶å­©å­ æˆ‘åªèƒ½è¯´äººåœ¨åšå¤©åœ¨çœ‹,62c127ec000000001b028c5d,Emily,https://sns-avatar-qc.xhscdn.com/avatar/1040g2jo30qh1lfc6nu005om14vm6t32t4ifdes8?imageView2/2/w/120/format/jpg,0,1703311373112,4
652ff8c6000000002003988b,1697642694000,å¹¿è¥¿,652e9d18000000002301b8dc,æ²¡å›¾æ²¡çœŸç›¸ï¼Œæ”¾å¼ æ¼«ç”»å°±æƒ³åšå–æµé‡,6354f9d6000000001802db28,å°çº¢è–¯63561E70,https://sns-avatar-qc.xhscdn.com/avatar/2b4cefbb01e0a0824f5c173dde7f98b2.jpg?imageView2/2/w/120/format/jpg,6,1703311373115,4
652f83f4000000001d03a756,1697612788000,æµ™æ±Ÿ,652e9d18000000002301b8dc,çœ‹äº†è§†é¢‘ï¼ŒçœŸçš„å¤ªå¯æ€œäº†å°å®è´ã€‚çœŸæƒ³ä¸€ä¸‹å­æŠŠç‹—æ‰“æ­»ï¼Œæ­»ä¸€ç™¾æ¬¡,61bfecec0000000010008237,æœ‰ç‚¹ç”œ,https://sns-avatar-qc.xhscdn.com/avatar/623a801e72f98347d9606e04.jpg?imageView2/2/w/120/format/jpg,4,1703311373119,7
6323076b000000001e00b13f,1663240043000,å¹¿ä¸œ,6322f7cc0000000011016388,ç®¡ä¸ä½è‡ªå®¶å® ç‰©å¯¹ä»–äººé€ æˆä¼¤å®³çš„åº”è¯¥é‡ç½šï¼Œå®‰ä¹æ­»å® ç‰©ã€‚,5b47160c4eacab5f11965ded,å±±æ—é£ç«,https://sns-avatar-qc.xhscdn.com/avatar/609bb95370e23f3f8d342751.jpg?imageView2/2/w/120/format/jpg,114,1703311382686,235
6322fa360000000026016d1c,1663236662000,,6322f7cc0000000011016388,æ¯”æ‰€è°“çš„ã€ŠåŠ¨ç‰©ä¿æŠ¤æ³•ã€‹æ›´è¡Œä¹‹æœ‰æ•ˆçš„åº”å½“æ˜¯å‡ºå°ä¸€é¡¹ã€Šå® ç‰©ç®¡ç†æ¡ä¾‹ã€‹,5f8d074c000000000100515d,é£å¹é›ª,https://sns-avatar-qc.xhscdn.com/avatar/5f8d074c000000000100515d.jpg?imageView2/2/w/120/format/jpg,27,1703311382690,263
63232921000000001e014e79,1663248673000,è¥¿ç­ç‰™,6322f7cc0000000011016388,ä¸è¦å…»çƒˆæ€§çŠ¬ä¸è¦å…»çƒˆæ€§çŠ¬ä¸è¦å…»çƒˆæ€§çŠ¬ï¼ï¼ï¼ä¸ç®¡å®ƒä»¬å¤šé…·å¤šå¨é£ï¼Œè¿™äº›åŸºå› é‡Œå¸¦ç€è¡€è…¥çš„çŠ¬ç§ï¼Œæ²¡æœ‰ç‰¹åˆ«é«˜è¶…çš„è®­çŠ¬æŠ€æœ¯ï¼Œä½ é©¾é©­ä¸äº†å®ƒä»¬çš„ï¼ï¼ï¼åƒä¸‡ä¸è¦æŠ±æœ‰ä¾¥å¹¸å¿ƒç†ï¼Œå› ä¸ºå‡ºäº‹çš„ä»£ä»·ä½ ä»˜ä¸èµ·ï¼å¦å¤–ï¼Œè¿™åªç‹—å·²ç»æœ‰æ”»å‡»æ€§äº†ï¼Œåº”è¯¥è¢«å®‰ä¹ï¼æˆ‘å¾ˆçˆ±ç‹—ä½†æ˜¯å°±äº‹è®ºäº‹ï¼,5ae57ed211be10131a686eb2,MissğŸŒµXuâœ¨,https://sns-avatar-qc.xhscdn.com/avatar/6286b6e41eca22d37e052efb.jpg?imageView2/2/w/120/format/jpg,17,1703311382692,196
63230cc00000000026014cc0,1663241408000,å¤©æ´¥,6322f7cc0000000011016388,çˆ±ç‹—äººå£«ä»ä¸æ‰“é€†é£å±€ï¼Œæˆ‘æ˜¯å»ºè®®å‘å…»å® äººç¾¤å¾æ”¶å® ç‰©ç¨ï¼Œç”¨äºç»´æŠ¤ç¯å¢ƒã€è¡¥å¿å¯¹ç¤¾ä¼šé€ æˆçš„ä¸è‰¯å°è±¡ä»¥åŠæ¸…ç†æµæµªåŠ¨ç‰©ã€‚,623730fb0000000010004cbe,è°·å£ä¸€éƒ,https://sns-avatar-qc.xhscdn.com/avatar/6239229ef57bc0fedfacee84.jpg?imageView2/2/w/120/format/jpg,25,1703311382695,125
63247c0d000000001d0396d6,1663335437000,é»‘é¾™æ±Ÿ,6322f7cc0000000011016388,å®Œå–„åˆ¶åº¦ï¼Œæé«˜å…»ç‹—é—¨æ§›ï¼ŒåŠè¯ï¼Œè®­ç»ƒï¼ŒåŸ¹è®­ï¼Œå®šæœŸæ£€æŸ¥è¯„ä¼°ï¼Œåˆ«ä»€ä¹ˆäººéƒ½å…»çŒ«ç‹—ã€‚,5b93b45a2bcd6d0001ff84ce,å‘¼å‘¼å“ˆå˜¿,https://sns-avatar-qc.xhscdn.com/avatar/5b93b45a2bcd6d0001ff84ce.jpg?imageView2/2/w/120/format/jpg,3,1703311382699,34
6324cc29000000001202b223,1663355945000,æ±Ÿè‹,6322f7cc0000000011016388,ç‹—ä¸€æ—¦è¿™ä¹ˆå’¬äººï¼Œå°±ä¸èƒ½ç•™äº†ï¼Œä¼šä¸€ç›´å’¬çš„ã€‚åŸå¸‚é‡Œåº”è¯¥ç¦æ­¢å…»å¤§å‹çƒˆçŠ¬ã€‚,5af0d92f4eacab3ebcadab4f,ä½†è¯´æ— å¦¨,https://sns-avatar-qc.xhscdn.com/avatar/5e2cac0650d3030001f2c378.jpg?imageView2/2/w/120/format/jpg,3,1703311382702,24
6324561a000000001702b551,1663325722000,ä¸Šæµ·,6322f7cc0000000011016388,äº‹ä»¶è¡¥å……ï¼šé“¶éƒ½ç‰©ä¸šç®¡ç†äººå‘˜å›åº”ï¼Œå½“æ—¶ä¸»äººç»™ç‹—ç‰µäº†ç»³ä½†ç‹—å¤ªå¤§æ‹‰ä¸ä½ï¼,5ecaba61000000000100512e,å®‰å¾‹å›,https://sns-avatar-qc.xhscdn.com/avatar/630d528feadcd300de00b653.jpg?imageView2/2/w/120/format/jpg,6,1703311382706,5
6327a0340000000009000691,1663541300000,,6322f7cc0000000011016388,å»ºè®®å…»å® ç‰©æ²¡ç®¡æŸå¯¼è‡´ä¼¤äººçš„ï¼Œåˆ¤å® ç‰©ä¸»äººä¸‰å¹´ä»¥ä¸Šçš„åˆ‘æœŸï¼Œä¼¤äººå® ç‰©ä½œæ— å®³åŒ–å¤„ç†ã€‚åŒæ—¶æ‰¿æ‹…æ°‘äº‹è´£ä»»ï¼,62f4330e000000001e01d593,èŒƒæ³›,https://sns-avatar-qc.xhscdn.com/avatar/62f4330e000000001e01d593.jpg?imageView2/2/w/120/format/jpg,2,1703311382710,15
632700fa0000000026012b0c,1663500538000,åŒ—äº¬,6322f7cc0000000011016388,å¤ªå¯æ€œäº†å­©å­ä¸€è¾ˆå­çš„é˜´å½±[å“­æƒ¹R],602ddc5c00000000010045a3,0824.ç´ æŸæŸğŸš«,https://sns-avatar-qc.xhscdn.com/avatar/656588ce396200a001ba9b78.jpg?imageView2/2/w/120/format/jpg,2,1703311382714,2
6328783d000000001b01ee3d,1663596605000,æ±Ÿè‹,6322f7cc0000000011016388,æˆ‘çœ‹å°çº¢ä¹¦ä¸Šæœ‰å¥½å¤šå…»ç‹—åšä¸»å®¶é‡Œæœ‰çƒˆæ€§çŠ¬[å“­æƒ¹R][å“­æƒ¹R]ä»–ä»¬è‡ªå·±ä¸å®³æ€•å—,5be461e7292df900016ecf02,è¶ŠåŠªåŠ›è¶Šå¹¸è¿,https://sns-avatar-qc.xhscdn.com/avatar/63770d2b9980ce3cb7c71163.jpg?imageView2/2/w/120/format/jpg,3,1703311382719,3
65741b2d0000000011035e4f,1702107949000,å¤©æ´¥,6322f7cc0000000011016388,ç‹—çš„ç›‘æŠ¤äººåœ¨å“ªé‡Œï¼Ÿè¢«å®‰ä¹äº†å—ï¼Ÿ,5572dd763f0f3c657944fd49,å¯çˆ±çš„å¤©ä½¿ç©—,https://sns-avatar-qc.xhscdn.com/avatar/57123069d8601e4920e93a37.jpg?imageView2/2/w/120/format/jpg,0,1703311382722,0
65316d6300000000200190ee,1697738083000,å¹¿ä¸œ,6322f7cc0000000011016388,åˆæ˜¯åœ¨å››å·åˆæ˜¯ç½—å¨çº³ï¼Œä¸åŒçš„æ˜¯è¿™æ¬¡æŠ¥é“è¢«å’¬çš„æ˜¯2å²å¥³å­©ï¼Œä¸ºä»€ä¹ˆè¿˜ä¸ç¦å…»è¿™ç‹—ç§,5ca3539900000000110256aa,ç”œèœœèœœèœœå°å§,https://sns-avatar-qc.xhscdn.com/avatar/64d9badc2e600f23e2885c39.jpg?imageView2/2/w/120/format/jpg,0,1703311382725,1
6530bf5c0000000019038554,1697693532000,æ²³å—,6322f7cc0000000011016388,å»ºè®®åˆ¤ç‹—ä¸»äººåå¹´åˆ‘,5ab759514eacab4b832ccb70,momo,https://sns-avatar-qc.xhscdn.com/avatar/60e5cef780d853bea29bcd02.jpg?imageView2/2/w/120/format/jpg,0,1703311382728,1
65300a200000000021000115,1697647136000,ä¸Šæµ·,6322f7cc0000000011016388,"è™å…•æ¯äºåŒ£,é¾Ÿç‰æ¯äºæ¤Ÿ,è°ä¹‹è¿‡?",5c57bf870000000011027af2,å°é’¦åŒå­¦,https://sns-avatar-qc.xhscdn.com/avatar/63426c8b19f903661880b910.jpg?imageView2/2/w/120/format/jpg,0,1703311382731,1
652ea549000000002001951d,1697555785000,,6322f7cc0000000011016388,å»å¹´æˆ‘æ™šä¸Šä¸‹ç­å»å–å¿«é€’ï¼Œä¸€åªé›ªç™½çš„å¤§ç‹—ï¼Œç«™ç«‹èµ·æ¥èµ·ç æœ‰ä¸€ç±³ä¸ƒå¤šï¼Œè·Ÿç€ä¸»äººæ—è¾¹ï¼Œæ²¡æ‹´ç»³ä¹Ÿæ²¡æˆ´å˜´å¥—ï¼Œèœé¸Ÿé©¿ç«™çš„å·¥ä½œäººå‘˜æé†’ç‹—ä¸»äººæ‹´ç»³ï¼Œå¥¹è¯´æˆ‘å®¶ç‹—ä¸å’¬äººï¼Œæˆ‘åœ¨é—¨å£å°±æ˜¯æ‰“å¼€æ·˜å®çœ‹ä¸ªå–è´§å·çš„æ—¶é—´ï¼Œçªç„¶æ„Ÿè§‰è€³è¾¹ä¸€è‚¡çƒ­æ°”ï¼ŒåŒè‚©æ²‰é‡ï¼Œç‹—æŠŠè…¿æ­æˆ‘èº«ä¸Šäº†ï¼Œæˆ‘çœŸçš„å¤´éƒ½ä¸æ•¢åŠ¨ï¼Œå½“åœºå“å“­ï¼Œè¿ç»­åšäº†å‡ å¤©å™©æ¢¦[å“­æƒ¹R],5b9c9aac6f0daf0001a3791a,ç•¥ç•¥ç•¥,https://sns-avatar-qc.xhscdn.com/avatar/63dd04366dfa3a795a85947e.jpg?imageView2/2/w/120/format/jpg,1,1703311382735,0
652e8a42000000001900837e,1697548866000,å¹¿ä¸œ,6322f7cc0000000011016388,æ€»æ˜¯ç½—å¨çº³,5f0816f800000000010059e0,é‡ç”Ÿä¹‹æˆ‘æ˜¯ä¿å§†ä¹Ÿæ˜¯å¨ƒ,https://sns-avatar-qc.xhscdn.com/avatar/655c603bed775d82e38ab228.jpg?imageView2/2/w/120/format/jpg,0,1703311382739,0
652e87c9000000002000b254,1697548233000,ä¸Šæµ·,6322f7cc0000000011016388,2å²å¥³ç«¥,62dfa88d000000001f00470b,çœŸæ‚Ÿç©º,https://sns-avatar-qc.xhscdn.com/avatar/1040g2jo30nqtiv3ghe005omvl26nohobo82jp5o?imageView2/2/w/120/format/jpg,0,1703311382741,1
652e703d000000001c028fa4,1697542205000,å¤©æ´¥,6322f7cc0000000011016388,ä»Šå¹´åˆå‡ºæ¥ä¸€ä¾‹[å“­æƒ¹R],5fce257f0000000001004cb0,æ‹™ç¿¾ç¾½åº,https://sns-avatar-qc.xhscdn.com/avatar/1040g2jo30pcbbrbl3o005nue4lvg8j5g38epc88?imageView2/2/w/120/format/jpg,0,1703311382745,2
652e66cb000000002202a52f,1697539787000,æ–°è¥¿å…°,6322f7cc0000000011016388,è¿™ç§å°±åº”è¯¥ç…®äº†ã€‚è¿™ç§å°±åº”è¯¥ç½šç‹—ä¸»äººä¸ª1000ä¸ªWã€‚,6127168b000000000100814d,momo,https://sns-avatar-qc.xhscdn.com/avatar/1040g2jo30spbtbh7ju5g5o972q5g90adkcooq18?imageView2/2/w/120/format/jpg,0,1703311382749,1
652e3b7a000000001d006f35,1697528698000,å±±ä¸œ,6322f7cc0000000011016388,è¿˜æ˜¯ä¸è¦å…»çƒˆæ€§çŠ¬å’Œè„¾æ°”æ€§æ ¼ä¸å¥½çš„çŠ¬ã€å®‰å…¨éšæ‚£å¤ªå¤§äº†,5a86bf9411be104d68b5b30c,é£åˆèµ·,https://sns-avatar-qc.xhscdn.com/avatar/1040g2jo30sdrcv28j6004a1g7jvp9cocqaqtnd8?imageView2/2/w/120/format/jpg,0,1703311382752,0
652e34b6000000001a0201ff,1697526966000,å¹¿ä¸œ,6322f7cc0000000011016388,åç»­å‘¢ï¼Ÿåˆ¤åˆ‘æ²¡,5ce766d300000000110103e3,ä¹±ç ç§˜ç±,https://sns-avatar-qc.xhscdn.com/avatar/6394234dbe2d64a191a9a927.jpg?imageView2/2/w/120/format/jpg,0,1703311382754,0
652de144000000002002255d,1697505604000,ç¦å»º,6322f7cc0000000011016388,å°ç”·å­©é•¿å¤§ä»¥åï¼Œçœ‹åˆ°ä¸€åªå°å¥¶ç‹—å“çš„å‘æŠ–ï¼Œå¯èƒ½ä¼šæœ‰äººè¯´è¿™ä¹ˆå¯çˆ±ä½ æ€ä¹ˆä¼šå®³æ€•å•Šï¼Œèƒ†å­çœŸå°[æ±—é¢œR],5dcc027f0000000001004693,ä»Šæ™šæ‰“è€è™,https://sns-avatar-qc.xhscdn.com/avatar/1000g2jo2fsqttf6he03g5nec09vg8hkjdpnjuog?imageView2/2/w/120/format/jpg,0,1703311382756,1
652d5dc6000000001903a6fe,1697471942000,å››å·,6322f7cc0000000011016388,è¿™ä¸ªäº‹æƒ…æ€ä¹ˆå¤„ç†çš„åé¢ï¼Œä»Šå¤©åˆç½—å¨çº³å’¬äº†2å²å°å­©ï¼Œè¿˜æœ‰ä¸€åªç½—å¨çº³å’¬äº†ç”¨åªå°ç‹—[å“­æƒ¹R],588215a950c4b411a4d1e128,1967,https://sns-avatar-qc.xhscdn.com/avatar/61105eec4a406a304a66a622.jpg?imageView2/2/w/120/format/jpg,0,1703311382760,1
652ce5d50000000023019143,1697441237000,æ±Ÿè‹,6322f7cc0000000011016388,ç‹—ä¸»äººèƒ½åˆ¤åˆ‘ä¹ˆ,6045c96b0000000001007f24,æœ¨æœ¨,https://sns-avatar-qc.xhscdn.com/avatar/be4e54a984a21be925a215a08fb36c8b.jpg?imageView2/2/w/120/format/jpg,0,1703311382765,0
64c50fbd000000001903317c,1690636221000,æ²³åŒ—,6322f7cc0000000011016388,å¯æ€œçš„å­©å­,60e8e784000000002002fdc9,æ¶é­”è‡³ä¸Š,https://sns-avatar-qc.xhscdn.com/avatar/1040g2jo30rqfthsmis6g5o78su285ve93oil0dg?imageView2/2/w/120/format/jpg,0,1703311382769,0
6494068c000000001a03a3eb,1687422604000,ä¸Šæµ·,6322f7cc0000000011016388,æˆ‘æ€€å­•çš„æ—¶å€™éƒ½ä¸æ•¢åœ¨å°åŒºé‡Œæ•£æ­¥ï¼Œå› ä¸ºæœ‰ä¸ç‰µç»³çš„ç‹—è·Ÿç€ä½ ï¼Œæ›´æœ‰çš„ç‹—ä¼šæ‰‘ä½ ã€‚å…¶å®æ²¡æ€€å­•çš„æ—¶å€™æˆ‘æ˜¯ä¸å¤ªæ€•è¿™æ ·çš„ç‹—ï¼Œæ¯•ç«Ÿå°æ—¶å€™å®¶é‡Œå…»è¿‡ç‹—ï¼Œå¯æ˜¯æˆ‘æ˜¯ä¸€ä¸ªè¯•ç®¡å¦ˆå¦ˆï¼Œå­©å­æ¥ä¹‹ä¸æ˜“ï¼Œæˆ‘é‚£æ—¶å€™éƒ½å¾ˆæƒ³æŠ¥è­¦æŠŠå°åŒºé‡Œä¸ç‰µç»³çš„ç‹—éƒ½æŠ“èµ·æ¥ï¼ŒçœŸçš„æ˜¯è›®æ°”äººçš„ã€‚,5cd027a6000000001200b24c,Stellaçš„é¼ æ¥å®ğŸŒ¸,https://sns-avatar-qc.xhscdn.com/avatar/6441643535667e1e5a3ad721.jpg?imageView2/2/w/120/format/jpg,0,1703311382773,4
64892533000000000a0065ea,1686709555000,æ¹–å—,6322f7cc0000000011016388,åˆæ˜¯ç½—å¨çº³[èŒèŒå“’R],59e55d8ce8ac2b3c8e65a437,æ•ä¸Šæ— ä¹¦,https://sns-avatar-qc.xhscdn.com/avatar/59e55d8ce8ac2b3c8e65a437.jpg?imageView2/2/w/120/format/jpg,0,1703311382778,1
647cb0c0000000001202549c,1685893312000,å¹¿è¥¿,6322f7cc0000000011016388,çˆ±ç‹—äººå£«ä¸å‡ºæ¥æ´—ç™½[å¤§ç¬‘R][å¤§ç¬‘R],635b4424000000001901cf46,åŸç½ª,https://sns-avatar-qc.xhscdn.com/avatar/1000g2jo2feub4q4gu06g5oqr8gi6bjq6p3g3drg?imageView2/2/w/120/format/jpg,2,1703311382782,1
63fd01f1000000000700f04b,1677525489000,æ–°ç–†,6322f7cc0000000011016388,åˆšçœ‹åˆ°å››äº”åªç‹—åˆ†é£Ÿä¸€ä¸ªä¸€å²å¤šçš„å­©å­å¤±çœ äº†ï¼Œå¿½ç„¶å¾ˆè®¨åŒç‹—ï¼Œå­©å­æ´»ç”Ÿç”Ÿçš„è¢«åƒäº†ï¼Œä»æ­¤å‘èª“ä¸å…»ç‹—,5d99ba690000000001004770,å°è´å£³çš„å¦ˆå¦ˆ,https://sns-avatar-qc.xhscdn.com/avatar/5deb002dc44bdb00013ed00e.jpg?imageView2/2/w/120/format/jpg,0,1703311382785,2
636d8dfe000000000a027575,1668124158000,å±±ä¸œ,6322f7cc0000000011016388,@æ¨—æ¢äºº æ—¢ç„¶å®³æ€•åˆ«äººè·Ÿä½ æ‘†äº‹å®è®²é“ç†ï¼Œå°±åˆ«æ‘†å‡ºè‡ªå·±æœ‰ç†çš„æ ·å­å‘—ï¼Œè¯´ä¸è¿‡äººå°±æ‹‰é»‘å¾ˆæ€‚å“[å·ç¬‘R],60a79ba00000000001006442,è“æ«,https://sns-avatar-qc.xhscdn.com/avatar/60efdc81e2bc331e12347c43.jpg?imageView2/2/w/120/format/jpg,2,1703311382790,0
636a0082000000001903bf5c,1667891330000,æµ·å—,6322f7cc0000000011016388,æˆ‘è¿˜æ˜¯è§‰å¾—é‚£äº›æ‰€è°“çš„çˆ±çŠ¬äººå£«ä»¬çœçœå§ï¼Œåˆ«å«åš£äº†ï¼Œç‹—æœ¬æ¥å°±æ˜¯äººç±»é©¯åŒ–çš„åŠ¨ç‰©ä¹‹ä¸€ï¼Œæœ¬æ¥å’Œå®¶é‡Œçš„çŒªç‰›é¸¡é©¬ä¸€æ ·çš„ï¼Œç”¨æ¥åƒçš„ï¼Œä¸‹è›‹çš„ï¼Œè€•åœ°çš„ï¼Œçœ‹å®¶æŠ¤é™¢çš„ï¼Œç„¶åæ…¢æ…¢è¡ç”Ÿå‡ºåˆä¼—æ‚äº¤å® ç‰©ç‹—ï¼Œä¸ä¸ºåˆ«çš„å°±ä¸ºäº†å…»ç€ç©ï¼Œä½ ä»¬è¯´çˆ±å®ƒï¼ŒOKæ²¡é—®é¢˜ï¼Œé‚£è¯·ç®¡å¥½ä½ è‡ªå·±å’Œä½ çš„ç‹—ï¼Œåˆ«ç‹—åœ¨è·¯ä¸Šæ‹‰äº†å±ä½ è§†è€Œä¸è§ï¼Œå›å¤´è®©åˆ«äººè¸©ä¸€è„šï¼Œå‡ºé—¨é›ç‹—è®°å¾—æ‹´ä¸Šç»³å­ï¼Œåˆ«ç‹—ä¹±è·‘ä¹±æ‰‘å“ç€åˆ«äººï¼Œä½ èˆ”ä¸ªè„¸è·Ÿäººå®¶è¯´æˆ‘å®¶ç‹—ä¸å’¬äººï¼Œè¿˜æœ‰ï¼Œç°åœ¨åŸå¸‚é‡Œéƒ½æ˜¯æ¥¼æˆ¿ï¼Œè°å®¶å­©å­åœ¨å®¶è·‘å‡ æ­¥éƒ½æœ‰é‚»å±…æŠ•è¯‰æ‰°æ°‘å‘¢ï¼Œä½ å®¶ç‹—åŠå¤œè¦æ˜¯ä¹±å«ä½ è§‰å¾—åˆé€‚ä¹ˆï¼Ÿå…»äº†å°±å…»åˆ°è€å…»åˆ°æ­»ï¼Œåˆ«å…»ä¸€åŠæ‰”å‡ºå»ï¼Œè®©ä»–è‡ªç”Ÿè‡ªç­åŠ è‡ªç”±ç¹æ®–ï¼Œç„¶ååŸç®¡ä¸€æŠ“é‡ç‹—ï¼Œä½ ä»¬åˆè·³å‡ºæ¥BB,54e362882e1d9309f8e1bd2d,é™é™çš„ä½œå¦–ğŸ‘»ğŸ‘»ğŸ‘»,https://sns-avatar-qc.xhscdn.com/avatar/1040g2jo30mr06buo4g6g401dhlh8hf9d6fdg4so?imageView2/2/w/120/format/jpg,1,1703311382795,3
634a378800000000160393ab,1665808264000,,6322f7cc0000000011016388,ç‹—ä¹‹è¿‡,5d3720b6000000001601c7ea,å°æ‚ ç„¶,https://sns-avatar-qc.xhscdn.com/avatar/63a70d9a877f58de106f6a34.jpg?imageView2/2/w/120/format/jpg,0,1703311382800,0
6349c5aa0000000016007e4c,1665779114000,ç¾å›½,6322f7cc0000000011016388,17å¹´å›å›½å¸¦ç€ä¸¤å„¿å­ç»è¿‡ä¸€åº—ï¼Œä¸€è—ç’æ²¡ç‰µç»³å­ååº—é—¨å£ã€‚çˆ±ç‹—äººå£«å®è´è‡ªå·±çš„ç‹—ï¼Œä½†è¿™äº›ç‰²ç•œæœ‰æ—¶å€™ä¼šæ²¡åŸæ²¡æ•…çš„å‘ç–¯ï¼Œå¸Œæœ›ä¸è¦ä¼¤å®³åˆ«äººï¼Œè¦å’¬è¦å‘ç–¯å°±æœä¸»äººå®¶å§ï¼Œå°±åƒè§äºšè½©çš„ç‹—ï¼Œå°±å’¬ä¸»äººï¼Œæˆ‘è§‰å¾—ä¸å¯æ€œã€‚,5f13aa410000000001006236,ä¸€ä¸ªç”œç”œåœˆğŸ©,https://sns-avatar-qc.xhscdn.com/avatar/60f562ee7bd03c000194d0e1.jpg?imageView2/2/w/120/format/jpg,0,1703311382804,0
63498f49000000001600edba,1665765193000,ç¦å»º,6322f7cc0000000011016388,çœŸæ˜¯çœ‹åˆ°ç‹—å’¬äººï¼ŒçœŸçš„ç”Ÿæ°”ã€‚,5c335d5e000000000602ca7a,æ¬§ä¹°å™¶,https://sns-avatar-qc.xhscdn.com/avatar/632a6af6a77c751bfb183bd6.jpg?imageView2/2/w/120/format/jpg,0,1703311382809,2
63497507000000000d033cbd,1665758471000,æ¹–åŒ—,6322f7cc0000000011016388,è¿™åº”è¯¥è¦è´Ÿåˆ‘äº‹è´£ä»»å§,5eaa80af00000000010059c4,æµ·ä¸ŠèŠ±å¼€,https://sns-avatar-qc.xhscdn.com/avatar/5eaa80af00000000010059c4.jpg?imageView2/2/w/120/format/jpg,0,1703311382818,0
6347fa78000000001b00126c,1665661560000,,6322f7cc0000000011016388,æ€§æ ¼æš´èºçš„ç‹—å°±ä¸åº”è¯¥ç‰µå‡ºæ¥,62c14ee20000000019029c8c,Aurora,https://sns-avatar-qc.xhscdn.com/avatar/6389ad41afc5a697bf29b826.jpg?imageView2/2/w/120/format/jpg,0,1703311382822,2
6346292a000000000e004dc8,1665542442000,æµ™æ±Ÿ,6322f7cc0000000011016388,çœ‹è§ç‹—å°±ç”Ÿæ°”,5b03b2a811be1059f14e7997,ç¥æˆ‘å¼€å¿ƒæ¯ä¸€å¤©,https://sns-avatar-qc.xhscdn.com/avatar/6166c27bdeddbc8c7fa34e4b.jpg?imageView2/2/w/120/format/jpg,0,1703311382826,1
634431800000000012006316,1665413504000,å¹¿ä¸œ,6322f7cc0000000011016388,æˆ‘å«‚å­å¥¹ä»¬æ‘æœ‰ä¸€å®¶å…»äº†ä¸€æ¡æ¯æ–—ç‹—ï¼Œæ¯æ–—ç‹—åˆšç”Ÿäº†å®å®ï¼Œå°å­©å­ä¸¤å²å¤šèµ°è·¯è¿˜æ²¡ç¨³ï¼Œå°±å»æ‘¸ç‹—å®å®ï¼Œç„¶åç›´æ¥è¢«æ–—ç‹—æŠŠå¤´ç»™åƒäº†ï¼Œå­©å­çš„å¦ˆå¦ˆä¸çœ‹å­©å­å»æ‰“éº»å°†æ‰ä¼šå‘ç”Ÿè¿™æ ·çš„äº‹,5b988a54c1dfc10001b838bd,love you as love life,https://sns-avatar-qc.xhscdn.com/avatar/605727333749c0872551eecb.jpg?imageView2/2/w/120/format/jpg,0,1703311382831,1
6341596e000000000d0218d5,1665227118000,,6322f7cc0000000011016388,æ€ªä¸å¾—é‚£ä¹ˆå¤šäººè¦å‡ºå›½,630c6c33000000001200d19b,å…±äº«é»‘åå•,https://sns-avatar-qc.xhscdn.com/avatar/4c0984d2-9d8a-3e1e-9981-c961dcf99c7a?imageView2/2/w/120/format/jpg,0,1703311382835,2
63410e49000000001603a870,1665207881000,,6322f7cc0000000011016388,æ˜¨å¤©æœ‰ä¸ªä¸‰å²å­©å­è¢«ç‹—å’¬æ²¡äº†ï¼Œä¸ºä»€ä¹ˆè¦åœ¨åŸå¸‚å…»å¤§å‹çŒçŠ¬ï¼Œæˆ‘ä¸ç†è§£[å“­æƒ¹R],62b6de83000000001b025666,ç”¨æˆ·å·²æ³¨é”€,https://sns-avatar-qc.xhscdn.com/avatar/53ba1722242c3e9344db7b0fc2e1005f.jpg?imageView2/2/w/120/format/jpg,0,1703311382840,1
633d6811000000000a01e5e8,1664968721000,ç¾å›½,6322f7cc0000000011016388,å°æ—¶å€™è¢«ç‹—å’¬è¿‡ï¼Œæ²¡æœ‰è¢«å’¬è¿‡å’Œå—è¿‡ä¼¤å®³çš„äººï¼Œæ˜¯æ— æ³•ä½“ä¼šä¸€è¾ˆå­æ€•ç‹—çš„å¿ƒæƒ…ï¼Œè¢«å’¬åä»…ä»…ç”¨é‡‘é’±æ˜¯å¼¥è¡¥ä¸äº†çš„,5be861f065e4a600017f161a,Happy,https://sns-avatar-qc.xhscdn.com/avatar/604c02baec869dea859b1c86.jpg?imageView2/2/w/120/format/jpg,1,1703311382844,3
633ce7ef0000000006024014,1664935919000,é»‘é¾™æ±Ÿ,6322f7cc0000000011016388,ä»–ä»¬çƒˆçŠ¬ä¸å¸¦æ­¢å’¬å™¨å—,5f713fe0000000000101fb52,Anchoret,https://sns-avatar-qc.xhscdn.com/avatar/1040g2jo30s9m52feig605nrh7vg0buqibiivtpg?imageView2/2/w/120/format/jpg,0,1703311382848,1
633972f40000000009000bcc,1664709364000,å¤©æ´¥,6322f7cc0000000011016388,æˆ‘ç„¯ å»æœäº†ä¸€ä¸‹è¿™ä¸ªç‹—[çŸ³åŒ–R]è¿™ä¸å°±æ˜¯æˆ‘å®¶å°åŒºé‡Œä¸ç‰µç»³çš„é‚£ä¸ªçŠ¬ç§å—...åŸæ¥è¿˜ä»¥ä¸ºæ˜¯é»‘è‰²æ‹‰å¸ƒæ‹‰å¤š,5cfa2337000000001603d997,momo,https://sns-avatar-qc.xhscdn.com/avatar/63db9227a917bccf04efdb68.jpg?imageView2/2/w/120/format/jpg,0,1703311382853,0
6338e9c60000000014027638,1664674246000,,6322f7cc0000000011016388,æ€ä¹ˆè¿˜æœ‰äººåœ¨å¸‚åŒºå…»ç¦å…»å•Šï¼æ€ä¹ˆè¿™ä¹ˆç¼ºå¾·ï¼ï¼ï¼ï¼ï¼ï¼ï¼ï¼ï¼æƒ³å…»ç¦å…»å°±å»å¤§å±±é‡Œæ²¡äººçš„åœ°æ–¹è‡ªå·±å…»ï¼Œæœ‰ç‹—è¯çš„å°±æ “ç»³æˆ´å˜´å¥—æ‰¾äººå°‘çš„æ—¶é—´å‡ºé—¨ï¼Œå…»ä¸äº†å°±åˆ«å…»èƒ½å…»å°±æ–‡æ˜çš„å¥½å¥½å…»ï¼ŒçœŸæ— è¯­å¾ˆéš¾å—ï¼Ÿè§‰å¾—éš¾å°±åˆ«å…»å•Šç¥¸å®³åˆ«äºº,5fbd144d000000000101c650,berber,https://sns-avatar-qc.xhscdn.com/avatar/1000g2jo2n6vac88ji06g5ntt2h6gbhig088d620?imageView2/2/w/120/format/jpg,0,1703311382863,1
633870e2000000001400cae6,1664643298000,ä¸Šæµ·,6322f7cc0000000011016388,æˆ‘èˆ…èˆ…å®¶å…»è¿‡ï¼Œå’¬äº†æˆ‘èˆ…å¦ˆ[çŸ³åŒ–R],55ccc82767bc655988dce863,èœœä¸young,https://sns-avatar-qc.xhscdn.com/avatar/55ccc82767bc655988dce863.jpg?imageView2/2/w/120/format/jpg,1,1703311382866,0
63386051000000000a01dbff,1664639057000,è¾½å®,6322f7cc0000000011016388,å¤©å•Š[å“­æƒ¹R],5cc718560000000017019b1f,ç²¾ç¥å°ç¾,https://sns-avatar-qc.xhscdn.com/avatar/5efb53f3bf85c900013e7a34.jpg?imageView2/2/w/120/format/jpg,0,1703311382871,0
6337c864000000001401d3c2,1664600164000,,6322f7cc0000000011016388,å’¬äº†äººçš„ç‹—ä¸é…æ´»ç€,5d4a98e40000000010032415,å–œæ¬¢å¤ªé˜³.,https://sns-avatar-qc.xhscdn.com/avatar/62e66367ec9e70ed09d0aca1.jpg?imageView2/2/w/120/format/jpg,0,1703311382876,0
6336fdd2000000001202ed29,1664548306000,ç”˜è‚ƒ,6322f7cc0000000011016388,åº”è¯¥ç¦æ­¢å…»çŠ¬,5fec70c9000000000100a4d2,î€°å­¤ç‹¬çš„åšå¼º,https://sns-avatar-qc.xhscdn.com/avatar/5fec70c9000000000100a4d2.jpg?imageView2/2/w/120/format/jpg,0,1703311382881,2
6336416e00000000070058c1,1664500078000,æµ™æ±Ÿ,6322f7cc0000000011016388,æ‹‰ä¸ä½çš„å¤§å‹ç‹—å‡ºæ¥åº”è¯¥æˆ´å˜´å¥—,5bc28425981bb6000139dfc3,jenny,https://sns-avatar-qc.xhscdn.com/avatar/d784fc20c996f3d2f39d034c404f234e.jpg?imageView2/2/w/120/format/jpg,0,1703311382884,1
633576440000000008024d4d,1664448068000,æ–°ç–†,6322f7cc0000000011016388,å…¶å®æœ‰äº›å˜æ€æ¶æ„è®­ç»ƒå‡¶çŠ¬ï¼Œçºµç‹—ä¼¤äººï¼ŒåŒæ„ã€Šå…»å® è§„èŒƒã€‹,600837c60000000001001f5c,çˆ±åƒå±±æ¥‚,https://sns-avatar-qc.xhscdn.com/avatar/630f85a2cb54a860ec81bcf5.jpg?imageView2/2/w/120/format/jpg,0,1703311382888,2
